,Emoji,Unicode codepoint,Occurrences,Position,Negative,Neutral,Positive,Unicode name,Unicode block,Sentiment score
0,ğŸ˜‚,0x1f602,14622,0.805100583,3614,4163,6845,FACE WITH TEARS OF JOY,Emoticons,0.221
1,â¤,0x2764,8050,0.7469430859999999,355,1334,6361,HEAVY BLACK HEART,Dingbats,0.746
2,â™¥,0x2665,7144,0.753806008,252,1942,4950,BLACK HEART SUIT,Miscellaneous Symbols,0.657
3,ğŸ˜,0x1f60d,6359,0.765292366,329,1390,4640,SMILING FACE WITH HEART-SHAPED EYES,Emoticons,0.678
4,ğŸ˜­,0x1f62d,5526,0.803351976,2412,1218,1896,LOUDLY CRYING FACE,Emoticons,-0.093
5,ğŸ˜˜,0x1f618,3648,0.854480172,193,702,2753,FACE THROWING A KISS,Emoticons,0.701
6,ğŸ˜Š,0x1f60a,3186,0.813302436,189,754,2243,SMILING FACE WITH SMILING EYES,Emoticons,0.644
7,ğŸ‘Œ,0x1f44c,2925,0.805222883,274,728,1923,OK HAND SIGN,Miscellaneous Symbols and Pictographs,0.563
8,ğŸ’•,0x1f495,2400,0.765725889,99,683,1618,TWO HEARTS,Miscellaneous Symbols and Pictographs,0.632
9,ğŸ‘,0x1f44f,2336,0.787130164,243,634,1459,CLAPPING HANDS SIGN,Miscellaneous Symbols and Pictographs,0.52
10,ğŸ˜,0x1f601,2189,0.796151187,278,648,1263,GRINNING FACE WITH SMILING EYES,Emoticons,0.449
11,â˜º,0x263a,2062,0.798633582,128,449,1485,WHITE SMILING FACE,Miscellaneous Symbols,0.657
12,â™¡,0x2661,1975,0.7636954229999999,102,448,1425,WHITE HEART SUIT,Miscellaneous Symbols,0.669
13,ğŸ‘,0x1f44d,1854,0.8121256259999999,213,460,1181,THUMBS UP SIGN,Miscellaneous Symbols and Pictographs,0.521
14,ğŸ˜©,0x1f629,1808,0.826213985,1069,336,403,WEARY FACE,Emoticons,-0.368
15,ğŸ™,0x1f64f,1539,0.793847592,124,648,767,PERSON WITH FOLDED HANDS,Emoticons,0.417
16,âœŒ,0x270c,1534,0.790480332,173,476,885,VICTORY HAND,Dingbats,0.463
17,ğŸ˜,0x1f60f,1522,0.764977294,170,676,676,SMIRKING FACE,Emoticons,0.332
18,ğŸ˜‰,0x1f609,1521,0.8448326509999999,151,513,857,WINKING FACE,Emoticons,0.463
19,ğŸ™Œ,0x1f64c,1506,0.790600034,152,358,996,PERSON RAISING BOTH HANDS IN CELEBRATION,Emoticons,0.559
20,ğŸ™ˆ,0x1f648,1456,0.738880937,238,350,868,SEE-NO-EVIL MONKEY,Emoticons,0.432
21,ğŸ’ª,0x1f4aa,1409,0.806704098,101,424,884,FLEXED BICEPS,Miscellaneous Symbols and Pictographs,0.555
22,ğŸ˜„,0x1f604,1398,0.794972621,191,426,781,SMILING FACE WITH OPEN MOUTH AND SMILING EYES,Emoticons,0.421
23,ğŸ˜’,0x1f612,1385,0.857620553,819,266,300,UNAMUSED FACE,Emoticons,-0.374
24,ğŸ’ƒ,0x1f483,1344,0.852764705,59,237,1048,DANCER,Miscellaneous Symbols and Pictographs,0.734
25,ğŸ’–,0x1f496,1263,0.762239109,54,254,955,SPARKLING HEART,Miscellaneous Symbols and Pictographs,0.712
26,ğŸ˜ƒ,0x1f603,1206,0.734782211,86,361,759,SMILING FACE WITH OPEN MOUTH,Emoticons,0.557
27,ğŸ˜”,0x1f614,1205,0.86614594,559,263,383,PENSIVE FACE,Emoticons,-0.146
28,ğŸ˜±,0x1f631,1130,0.773313178,298,319,513,FACE SCREAMING IN FEAR,Emoticons,0.19
29,ğŸ‰,0x1f389,1125,0.743635879,43,207,875,PARTY POPPER,Miscellaneous Symbols and Pictographs,0.738
30,ğŸ˜œ,0x1f61c,1035,0.822246602,115,333,587,FACE WITH STUCK-OUT TONGUE AND WINKING EYE,Emoticons,0.455
31,â˜¯,0x262f,992,0.383524015,5,981,6,YIN YANG,Miscellaneous Symbols,0.001
32,ğŸŒ¸,0x1f338,946,0.5700215710000001,37,255,654,CHERRY BLOSSOM,Miscellaneous Symbols and Pictographs,0.65
33,ğŸ’œ,0x1f49c,939,0.730869962,41,241,657,PURPLE HEART,Miscellaneous Symbols and Pictographs,0.654
34,ğŸ’™,0x1f499,912,0.703047577,29,186,697,BLUE HEART,Miscellaneous Symbols and Pictographs,0.73
35,âœ¨,0x2728,848,0.5604301620000001,43,463,342,SPARKLES,Dingbats,0.351
36,ğŸ˜³,0x1f633,846,0.7971858140000001,277,277,292,FLUSHED FACE,Emoticons,0.018
37,ğŸ’—,0x1f497,836,0.799725947,42,201,593,GROWING HEART,Miscellaneous Symbols and Pictographs,0.657
38,â˜…,0x2605,828,0.353316599,25,543,260,BLACK STAR,Miscellaneous Symbols,0.283
39,â–ˆ,0x2588,798,0.634172164,71,682,45,FULL BLOCK,Block Elements,-0.032
40,â˜€,0x2600,786,0.54553079,21,377,388,BLACK SUN WITH RAYS,Miscellaneous Symbols,0.465
41,ğŸ˜¡,0x1f621,756,0.861522028,403,81,272,POUTING FACE,Emoticons,-0.173
42,ğŸ˜,0x1f60e,754,0.76564387,79,224,451,SMILING FACE WITH SUNGLASSES,Emoticons,0.491
43,ğŸ˜¢,0x1f622,749,0.8138968329999999,288,168,293,CRYING FACE,Emoticons,0.007
44,ğŸ’‹,0x1f48b,734,0.800580592,28,169,537,KISS MARK,Miscellaneous Symbols and Pictographs,0.691
45,ğŸ˜‹,0x1f60b,734,0.76498518,33,203,498,FACE SAVOURING DELICIOUS FOOD,Emoticons,0.631
46,ğŸ™Š,0x1f64a,725,0.7405230859999999,97,197,431,SPEAK-NO-EVIL MONKEY,Emoticons,0.459
47,ğŸ˜´,0x1f634,718,0.849922938,303,170,245,SLEEPING FACE,Emoticons,-0.08
48,ğŸ¶,0x1f3b6,701,0.7972558890000001,67,189,445,MULTIPLE MUSICAL NOTES,Miscellaneous Symbols and Pictographs,0.537
49,ğŸ’,0x1f49e,687,0.828705997,27,123,537,REVOLVING HEARTS,Miscellaneous Symbols and Pictographs,0.739
50,ğŸ˜Œ,0x1f60c,665,0.8471212290000001,93,157,415,RELIEVED FACE,Emoticons,0.482
51,ğŸ”¥,0x1f525,651,0.61555041,80,400,171,FIRE,Miscellaneous Symbols and Pictographs,0.139
52,ğŸ’¯,0x1f4af,637,0.871819418,179,202,256,HUNDRED POINTS SYMBOL,Miscellaneous Symbols and Pictographs,0.12
53,ğŸ”«,0x1f52b,604,0.8937612840000001,298,126,180,PISTOL,Miscellaneous Symbols and Pictographs,-0.194
54,ğŸ’›,0x1f49b,602,0.751631631,25,123,454,YELLOW HEART,Miscellaneous Symbols and Pictographs,0.709
55,ğŸ’,0x1f481,549,0.8396287929999999,105,159,285,INFORMATION DESK PERSON,Miscellaneous Symbols and Pictographs,0.326
56,ğŸ’š,0x1f49a,537,0.737498972,41,101,395,GREEN HEART,Miscellaneous Symbols and Pictographs,0.656
57,â™«,0x266b,533,0.396607039,33,313,187,BEAMED EIGHTH NOTES,Miscellaneous Symbols,0.287
58,ğŸ˜,0x1f61e,532,0.825187832,255,85,192,DISAPPOINTED FACE,Emoticons,-0.118
59,ğŸ˜†,0x1f606,527,0.809376422,81,148,298,SMILING FACE WITH OPEN MOUTH AND TIGHTLY-CLOSED EYES,Emoticons,0.409
60,ğŸ˜,0x1f61d,496,0.808808972,65,155,276,FACE WITH STUCK-OUT TONGUE AND TIGHTLY-CLOSED EYES,Emoticons,0.423
61,ğŸ˜ª,0x1f62a,482,0.858219873,208,105,169,SLEEPY FACE,Emoticons,-0.08
62,ï¿½,0xfffd,472,0.11293316,78,275,119,REPLACEMENT CHARACTER,Specials,0.086
63,ğŸ˜«,0x1f62b,467,0.8395176409999999,227,81,159,TIRED FACE,Emoticons,-0.145
64,ğŸ˜…,0x1f605,462,0.827654572,135,109,218,SMILING FACE WITH OPEN MOUTH AND COLD SWEAT,Emoticons,0.178
65,ğŸ‘Š,0x1f44a,458,0.8245158640000001,121,111,226,FISTED HAND SIGN,Miscellaneous Symbols and Pictographs,0.228
66,ğŸ’€,0x1f480,456,0.739462262,214,123,119,SKULL,Miscellaneous Symbols and Pictographs,-0.207
67,ğŸ˜€,0x1f600,439,0.786284933,37,114,288,GRINNING FACE,Emoticons,0.568
68,ğŸ˜š,0x1f61a,424,0.8534149440000001,20,81,323,KISSING FACE WITH CLOSED EYES,Emoticons,0.71
69,ğŸ˜»,0x1f63b,417,0.729665769,28,101,288,SMILING CAT FACE WITH HEART-SHAPED EYES,Emoticons,0.619
70,Â©,0xa9,416,0.7401483759999999,54,259,103,COPYRIGHT SIGN,Latin-1 Supplement,0.117
71,ğŸ‘€,0x1f440,410,0.759422009,93,198,119,EYES,Miscellaneous Symbols and Pictographs,0.063
72,ğŸ’˜,0x1f498,395,0.7850369420000001,18,87,290,HEART WITH ARROW,Miscellaneous Symbols and Pictographs,0.683
73,ğŸ“,0x1f413,384,0.490808466,41,291,52,ROOSTER,Miscellaneous Symbols and Pictographs,0.028
74,â˜•,0x2615,382,0.685215074,53,182,147,HOT BEVERAGE,Miscellaneous Symbols,0.244
75,ğŸ‘‹,0x1f44b,382,0.7979441079999999,60,103,219,WAVING HAND SIGN,Miscellaneous Symbols and Pictographs,0.413
76,âœ‹,0x270b,378,0.838291817,124,82,172,RAISED HAND,Dingbats,0.126
77,ğŸŠ,0x1f38a,363,0.72362175,20,59,284,CONFETTI BALL,Miscellaneous Symbols and Pictographs,0.721
78,ğŸ•,0x1f355,352,0.5445807570000001,19,166,167,SLICE OF PIZZA,Miscellaneous Symbols and Pictographs,0.417
79,â„,0x2744,349,0.760181984,34,103,212,SNOWFLAKE,Dingbats,0.506
80,ğŸ˜¥,0x1f625,341,0.881976694,108,83,150,DISAPPOINTED BUT RELIEVED FACE,Emoticons,0.122
81,ğŸ˜•,0x1f615,340,0.856711865,205,66,69,CONFUSED FACE,Emoticons,-0.397
82,ğŸ’¥,0x1f4a5,329,0.587206232,23,234,72,COLLISION SYMBOL,Miscellaneous Symbols and Pictographs,0.148
83,ğŸ’”,0x1f494,328,0.8358315740000001,136,96,96,BROKEN HEART,Miscellaneous Symbols and Pictographs,-0.121
84,ğŸ˜¤,0x1f624,327,0.884007985,157,82,88,FACE WITH LOOK OF TRIUMPH,Emoticons,-0.209
85,ğŸ˜ˆ,0x1f608,325,0.762497655,66,106,153,SMILING FACE WITH HORNS,Emoticons,0.265
86,â–º,0x25ba,325,0.516489206,40,192,93,BLACK RIGHT-POINTING POINTER,Geometric Shapes,0.162
87,âœˆ,0x2708,322,0.521940266,13,161,148,AIRPLANE,Dingbats,0.415
88,ğŸ”,0x1f51d,303,0.798433666,26,106,171,TOP WITH UPWARDS ARROW ABOVE,Miscellaneous Symbols and Pictographs,0.474
89,ğŸ˜°,0x1f630,302,0.919654285,132,44,126,FACE WITH OPEN MOUTH AND COLD SWEAT,Emoticons,-0.02
90,âš½,0x26bd,299,0.193496177,15,83,201,SOCCER BALL,Miscellaneous Symbols,0.616
91,ğŸ˜‘,0x1f611,299,0.844272967,154,85,60,EXPRESSIONLESS FACE,Emoticons,-0.311
92,ğŸ‘‘,0x1f451,298,0.698804832,12,65,221,CROWN,Miscellaneous Symbols and Pictographs,0.694
93,ğŸ˜¹,0x1f639,295,0.8074145,88,77,130,CAT FACE WITH TEARS OF JOY,Emoticons,0.141
94,ğŸ‘‰,0x1f449,292,0.559175629,20,137,135,WHITE RIGHT POINTING BACKHAND INDEX,Miscellaneous Symbols and Pictographs,0.39
95,ğŸƒ,0x1f343,291,0.572324349,29,122,140,LEAF FLUTTERING IN WIND,Miscellaneous Symbols and Pictographs,0.378
96,ğŸ,0x1f381,288,0.7091813990000001,11,45,232,WRAPPED PRESENT,Miscellaneous Symbols and Pictographs,0.759
97,ğŸ˜ ,0x1f620,288,0.8492180890000001,163,49,76,ANGRY FACE,Emoticons,-0.299
98,ğŸ§,0x1f427,284,0.540408727,11,131,142,PENGUIN,Miscellaneous Symbols and Pictographs,0.456
99,â˜†,0x2606,282,0.5633981920000001,8,144,130,WHITE STAR,Miscellaneous Symbols,0.428
100,ğŸ€,0x1f340,278,0.7684962909999999,6,186,86,FOUR LEAF CLOVER,Miscellaneous Symbols and Pictographs,0.285
101,ğŸˆ,0x1f388,277,0.718504213,4,68,205,BALLOON,Miscellaneous Symbols and Pictographs,0.718
102,ğŸ…,0x1f385,274,0.800786662,7,172,95,FATHER CHRISTMAS,Miscellaneous Symbols and Pictographs,0.318
103,ğŸ˜“,0x1f613,273,0.844887359,118,59,96,FACE WITH COLD SWEAT,Emoticons,-0.08
104,ğŸ˜£,0x1f623,271,0.9033077209999999,147,35,89,PERSEVERING FACE,Emoticons,-0.212
105,ğŸ˜,0x1f610,270,0.882732825,150,76,44,NEUTRAL FACE,Emoticons,-0.388
106,âœŠ,0x270a,270,0.858608998,37,79,154,RAISED FIST,Dingbats,0.429
107,ğŸ˜¨,0x1f628,269,0.813687927,117,73,79,FEARFUL FACE,Emoticons,-0.14
108,ğŸ˜–,0x1f616,268,0.868926665,130,50,88,CONFOUNDED FACE,Emoticons,-0.155
109,ğŸ’¤,0x1f4a4,267,0.800461854,38,91,138,SLEEPING SYMBOL,Miscellaneous Symbols and Pictographs,0.37
110,ğŸ’“,0x1f493,259,0.783045488,15,55,189,BEATING HEART,Miscellaneous Symbols and Pictographs,0.664
111,ğŸ‘,0x1f44e,258,0.9144913459999999,128,51,79,THUMBS DOWN SIGN,Miscellaneous Symbols and Pictographs,-0.188
112,ğŸ’¦,0x1f4a6,252,0.779043752,35,62,155,SPLASHING SWEAT SYMBOL,Miscellaneous Symbols and Pictographs,0.471
113,âœ”,0x2714,249,0.565237075,31,119,99,HEAVY CHECK MARK,Dingbats,0.27
114,ğŸ˜·,0x1f637,246,0.840376534,117,54,75,FACE WITH MEDICAL MASK,Emoticons,-0.169
115,âš¡,0x26a1,246,0.778780762,10,182,54,HIGH VOLTAGE SIGN,Miscellaneous Symbols,0.177
116,ğŸ™‹,0x1f64b,236,0.732500422,30,60,146,HAPPY PERSON RAISING ONE HAND,Emoticons,0.485
117,ğŸ„,0x1f384,236,0.632526433,15,79,142,CHRISTMAS TREE,Miscellaneous Symbols and Pictographs,0.531
118,ğŸ’©,0x1f4a9,229,0.839720048,94,68,67,PILE OF POO,Miscellaneous Symbols and Pictographs,-0.116
119,ğŸµ,0x1f3b5,223,0.71526961,23,64,136,MUSICAL NOTE,Miscellaneous Symbols and Pictographs,0.5
120,â¡,0x27a1,222,0.47833044399999997,2,185,35,BLACK RIGHTWARDS ARROW,Dingbats,0.147
121,ğŸ˜›,0x1f61b,220,0.7344192629999999,18,50,152,FACE WITH STUCK-OUT TONGUE,Emoticons,0.601
122,ğŸ˜¬,0x1f62c,214,0.7936798409999999,57,58,99,GRIMACING FACE,Emoticons,0.194
123,ğŸ‘¯,0x1f46f,211,0.7420438429999999,24,69,118,WOMAN WITH BUNNY EARS,Miscellaneous Symbols and Pictographs,0.439
124,ğŸ’,0x1f48e,209,0.6940547359999999,11,68,130,GEM STONE,Miscellaneous Symbols and Pictographs,0.561
125,ğŸŒ¿,0x1f33f,208,0.600120585,1,125,82,HERB,Miscellaneous Symbols and Pictographs,0.384
126,ğŸ‚,0x1f382,201,0.747999917,16,44,141,BIRTHDAY CAKE,Miscellaneous Symbols and Pictographs,0.613
127,ğŸŒŸ,0x1f31f,199,0.654510913,11,111,77,GLOWING STAR,Miscellaneous Symbols and Pictographs,0.327
128,ğŸ”®,0x1f52e,199,0.333161733,6,133,60,CRYSTAL BALL,Miscellaneous Symbols and Pictographs,0.267
129,â—,0x2757,198,0.6201208539999999,31,116,51,HEAVY EXCLAMATION MARK SYMBOL,Dingbats,0.1
130,ğŸ‘«,0x1f46b,197,0.664270589,43,60,94,MAN AND WOMAN HOLDING HANDS,Miscellaneous Symbols and Pictographs,0.255
131,ğŸ†,0x1f3c6,194,0.705937446,6,39,149,TROPHY,Miscellaneous Symbols and Pictographs,0.726
132,âœ–,0x2716,193,0.514517152,8,116,69,HEAVY MULTIPLICATION X,Dingbats,0.311
133,â˜,0x261d,191,0.7597726,27,77,87,WHITE UP POINTING INDEX,Miscellaneous Symbols,0.309
134,ğŸ˜™,0x1f619,191,0.875675106,3,34,154,KISSING FACE WITH SMILING EYES,Emoticons,0.778
135,â›„,0x26c4,191,0.738724736,14,62,115,SNOWMAN WITHOUT SNOW,Miscellaneous Symbols,0.521
136,ğŸ‘…,0x1f445,190,0.7381791329999999,23,55,112,TONGUE,Miscellaneous Symbols and Pictographs,0.461
137,â™ª,0x266a,190,0.696314423,15,57,118,EIGHTH NOTE,Miscellaneous Symbols,0.534
138,ğŸ‚,0x1f342,189,0.6345406579999999,6,72,111,FALLEN LEAF,Miscellaneous Symbols and Pictographs,0.547
139,ğŸ’,0x1f48f,185,0.72895246,33,46,106,KISS,Miscellaneous Symbols and Pictographs,0.388
140,ğŸ”ª,0x1f52a,183,0.7640464790000001,38,94,51,HOCHO,Miscellaneous Symbols and Pictographs,0.07
141,ğŸŒ´,0x1f334,178,0.6758900520000001,13,57,108,PALM TREE,Miscellaneous Symbols and Pictographs,0.525
142,ğŸ‘ˆ,0x1f448,174,0.701409121,14,71,89,WHITE LEFT POINTING BACKHAND INDEX,Miscellaneous Symbols and Pictographs,0.424
143,ğŸŒ¹,0x1f339,172,0.664431116,3,61,108,ROSE,Miscellaneous Symbols and Pictographs,0.6
144,ğŸ™†,0x1f646,171,0.8399166159999999,15,54,102,FACE WITH OK GESTURE,Emoticons,0.5
145,âœ,0x279c,170,0.558506642,8,126,36,HEAVY ROUND-TIPPED RIGHTWARDS ARROW,Dingbats,0.162
146,ğŸ‘»,0x1f47b,168,0.7408244279999999,28,73,67,GHOST,Miscellaneous Symbols and Pictographs,0.228
147,ğŸ’°,0x1f4b0,168,0.8274665090000001,26,73,69,MONEY BAG,Miscellaneous Symbols and Pictographs,0.251
148,ğŸ»,0x1f37b,165,0.7453065879999999,17,45,103,CLINKING BEER MUGS,Miscellaneous Symbols and Pictographs,0.512
149,ğŸ™…,0x1f645,165,0.838871886,76,47,42,FACE WITH NO GOOD GESTURE,Emoticons,-0.202
150,ğŸŒ,0x1f31e,162,0.709366196,3,64,95,SUN WITH FACE,Miscellaneous Symbols and Pictographs,0.558
151,ğŸ,0x1f341,161,0.62398169,5,72,84,MAPLE LEAF,Miscellaneous Symbols and Pictographs,0.482
152,â­,0x2b50,159,0.600764348,5,55,99,WHITE MEDIUM STAR,Miscellaneous Symbols and Arrows,0.58
153,â–ª,0x25aa,159,0.145166872,15,97,47,BLACK SMALL SQUARE,Geometric Shapes,0.198
154,ğŸ€,0x1f380,156,0.651799025,6,44,106,RIBBON,Miscellaneous Symbols and Pictographs,0.629
155,â”,0x2501,156,0.540249825,14,100,42,BOX DRAWINGS HEAVY HORIZONTAL,Box Drawing,0.176
156,â˜·,0x2637,154,0.012407833,2,140,12,TRIGRAM FOR EARTH,Miscellaneous Symbols,0.064
157,ğŸ·,0x1f437,152,0.6026825,11,73,68,PIG FACE,Miscellaneous Symbols and Pictographs,0.368
158,ğŸ™‰,0x1f649,150,0.757694988,26,47,77,HEAR-NO-EVIL MONKEY,Emoticons,0.333
159,ğŸŒº,0x1f33a,150,0.629472896,2,62,86,HIBISCUS,Miscellaneous Symbols and Pictographs,0.549
160,ğŸ’…,0x1f485,149,0.7557476040000001,27,36,86,NAIL POLISH,Miscellaneous Symbols and Pictographs,0.388
161,ğŸ¶,0x1f436,148,0.654155755,12,37,99,DOG FACE,Miscellaneous Symbols and Pictographs,0.576
162,ğŸŒš,0x1f31a,148,0.759894657,23,32,93,NEW MOON WITH FACE,Miscellaneous Symbols and Pictographs,0.464
163,ğŸ‘½,0x1f47d,146,0.612456875,13,73,60,EXTRATERRESTRIAL ALIEN,Miscellaneous Symbols and Pictographs,0.315
164,ğŸ¤,0x1f3a4,144,0.67089174,17,40,87,MICROPHONE,Miscellaneous Symbols and Pictographs,0.476
165,ğŸ‘­,0x1f46d,144,0.667223526,20,36,88,TWO WOMEN HOLDING HANDS,Miscellaneous Symbols and Pictographs,0.463
166,ğŸ§,0x1f3a7,142,0.8429705259999999,18,46,78,HEADPHONE,Miscellaneous Symbols and Pictographs,0.414
167,ğŸ‘†,0x1f446,138,0.78746414,16,60,62,WHITE UP POINTING BACKHAND INDEX,Miscellaneous Symbols and Pictographs,0.326
168,ğŸ¸,0x1f378,138,0.662604118,12,38,88,COCKTAIL GLASS,Miscellaneous Symbols and Pictographs,0.539
169,ğŸ·,0x1f377,137,0.603671624,7,68,62,WINE GLASS,Miscellaneous Symbols and Pictographs,0.393
170,Â®,0xae,137,0.353084876,9,80,48,REGISTERED SIGN,Latin-1 Supplement,0.279
171,ğŸ‰,0x1f349,136,0.647778999,10,33,93,WATERMELON,Miscellaneous Symbols and Pictographs,0.597
172,ğŸ˜‡,0x1f607,135,0.7818313309999999,9,36,90,SMILING FACE WITH HALO,Emoticons,0.587
173,â˜‘,0x2611,135,0.6900618629999999,2,117,16,BALLOT BOX WITH CHECK,Miscellaneous Symbols,0.101
174,ğŸƒ,0x1f3c3,135,0.7352561479999999,12,55,68,RUNNER,Miscellaneous Symbols and Pictographs,0.406
175,ğŸ˜¿,0x1f63f,134,0.811560707,78,29,27,CRYING CAT FACE,Emoticons,-0.372
176,â”‚,0x2502,134,0.483180302,0,87,47,BOX DRAWINGS LIGHT VERTICAL,Box Drawing,0.343
177,ğŸ’£,0x1f4a3,131,0.8467269270000001,40,50,41,BOMB,Miscellaneous Symbols and Pictographs,0.007
178,ğŸº,0x1f37a,131,0.68156608,8,49,74,BEER MUG,Miscellaneous Symbols and Pictographs,0.493
179,â–¶,0x25b6,131,0.49835917700000004,7,89,35,BLACK RIGHT-POINTING TRIANGLE,Geometric Shapes,0.209
180,ğŸ˜²,0x1f632,129,0.853619885,50,38,41,ASTONISHED FACE,Emoticons,-0.068
181,ğŸ¸,0x1f3b8,125,0.605443071,1,57,67,GUITAR,Miscellaneous Symbols and Pictographs,0.516
182,ğŸ¹,0x1f379,123,0.764164553,5,30,88,TROPICAL DRINK,Miscellaneous Symbols and Pictographs,0.659
183,ğŸ’«,0x1f4ab,121,0.614437663,4,51,66,DIZZY SYMBOL,Miscellaneous Symbols and Pictographs,0.5
184,ğŸ“š,0x1f4da,119,0.69163189,22,34,63,BOOKS,Miscellaneous Symbols and Pictographs,0.336
185,ğŸ˜¶,0x1f636,117,0.868667638,50,34,33,FACE WITHOUT MOUTH,Emoticons,-0.142
186,ğŸŒ·,0x1f337,116,0.623397976,0,52,64,TULIP,Miscellaneous Symbols and Pictographs,0.538
187,ğŸ’,0x1f49d,115,0.774410045,8,23,84,HEART WITH RIBBON,Miscellaneous Symbols and Pictographs,0.644
188,ğŸ’¨,0x1f4a8,115,0.711396809,12,46,57,DASH SYMBOL,Miscellaneous Symbols and Pictographs,0.381
189,ğŸˆ,0x1f3c8,114,0.823010837,7,38,69,AMERICAN FOOTBALL,Miscellaneous Symbols and Pictographs,0.53
190,ğŸ’,0x1f48d,112,0.807520998,16,25,71,RING,Miscellaneous Symbols and Pictographs,0.478
191,â˜”,0x2614,111,0.687353164,21,36,54,UMBRELLA WITH RAIN DROPS,Miscellaneous Symbols,0.289
192,ğŸ‘¸,0x1f478,111,0.654472403,6,30,75,PRINCESS,Miscellaneous Symbols and Pictographs,0.605
193,ğŸ‡ª,0x1f1ea,109,0.698877291,2,36,71,REGIONAL INDICATOR SYMBOL LETTER E,Enclosed Alphanumeric Supplement,0.616
194,â–‘,0x2591,108,0.43943847700000005,25,63,20,LIGHT SHADE,Block Elements,-0.045
195,ğŸ©,0x1f369,107,0.7088161059999999,15,35,57,DOUGHNUT,Miscellaneous Symbols and Pictographs,0.382
196,ğŸ‘¾,0x1f47e,105,0.55188131,1,64,40,ALIEN MONSTER,Miscellaneous Symbols and Pictographs,0.361
197,â˜,0x2601,104,0.595923185,14,43,47,CLOUD,Miscellaneous Symbols,0.308
198,ğŸŒ»,0x1f33b,104,0.607167343,1,41,62,SUNFLOWER,Miscellaneous Symbols and Pictographs,0.57
199,ğŸ˜µ,0x1f635,103,0.808813841,33,28,42,DIZZY FACE,Emoticons,0.085
200,ğŸ“’,0x1f4d2,102,0.47394467100000004,0,98,4,LEDGER,Miscellaneous Symbols and Pictographs,0.038
201,â†¿,0x21bf,102,0.7105042020000001,0,34,68,UPWARDS HARPOON WITH BARB LEFTWARDS,Arrows,0.648
202,ğŸ¯,0x1f42f,100,0.5495618320000001,4,43,53,TIGER FACE,Miscellaneous Symbols and Pictographs,0.476
203,ğŸ‘¼,0x1f47c,99,0.6832106179999999,17,31,51,BABY ANGEL,Miscellaneous Symbols and Pictographs,0.333
204,ğŸ”,0x1f354,98,0.636878313,16,38,44,HAMBURGER,Miscellaneous Symbols and Pictographs,0.277
205,ğŸ˜¸,0x1f638,97,0.782035657,11,34,52,GRINNING CAT FACE WITH SMILING EYES,Emoticons,0.41
206,ğŸ‘¶,0x1f476,96,0.745048578,13,27,56,BABY,Miscellaneous Symbols and Pictographs,0.434
207,â†¾,0x21be,96,0.707142857,0,32,64,UPWARDS HARPOON WITH BARB RIGHTWARDS,Arrows,0.646
208,ğŸ’,0x1f490,95,0.727586517,3,17,75,BOUQUET,Miscellaneous Symbols and Pictographs,0.735
209,ğŸŒŠ,0x1f30a,95,0.779832163,8,30,57,WATER WAVE,Miscellaneous Symbols and Pictographs,0.5
210,ğŸ¦,0x1f366,95,0.630275908,13,24,58,SOFT ICE CREAM,Miscellaneous Symbols and Pictographs,0.459
211,ğŸ“,0x1f353,94,0.689469367,3,23,68,STRAWBERRY,Miscellaneous Symbols and Pictographs,0.67
212,ğŸ‘‡,0x1f447,94,0.557020638,13,44,37,WHITE DOWN POINTING BACKHAND INDEX,Miscellaneous Symbols and Pictographs,0.247
213,ğŸ’†,0x1f486,92,0.814023638,24,23,45,FACE MASSAGE,Miscellaneous Symbols and Pictographs,0.221
214,ğŸ´,0x1f374,92,0.580197926,4,33,55,FORK AND KNIFE,Miscellaneous Symbols and Pictographs,0.537
215,ğŸ˜§,0x1f627,92,0.774990088,36,26,30,ANGUISHED FACE,Emoticons,-0.063
216,ğŸ‡¸,0x1f1f8,91,0.654691493,8,27,56,REGIONAL INDICATOR SYMBOL LETTER S,Enclosed Alphanumeric Supplement,0.511
217,ğŸ˜®,0x1f62e,90,0.774237435,16,33,41,FACE WITH OPEN MOUTH,Emoticons,0.269
218,â–“,0x2593,90,0.658247473,2,85,3,DARK SHADE,Block Elements,0.011
219,ğŸš«,0x1f6ab,88,0.7029377290000001,48,32,8,NO ENTRY SIGN,Transport and Map Symbols,-0.44
220,ğŸ˜½,0x1f63d,88,0.7542427079999999,11,14,63,KISSING CAT FACE WITH CLOSED EYES,Emoticons,0.571
221,ğŸŒˆ,0x1f308,88,0.671884074,5,31,52,RAINBOW,Miscellaneous Symbols and Pictographs,0.516
222,ğŸ™€,0x1f640,88,0.7907291540000001,14,30,44,WEARY CAT FACE,Emoticons,0.33
223,âš ,0x26a0,88,0.489084942,16,62,10,WARNING SIGN,Miscellaneous Symbols,-0.066
224,ğŸ®,0x1f3ae,86,0.467430446,8,32,46,VIDEO GAME,Miscellaneous Symbols and Pictographs,0.427
225,â•¯,0x256f,84,0.506910946,19,47,18,BOX DRAWINGS LIGHT ARC UP AND LEFT,Box Drawing,-0.011
226,ğŸ†,0x1f346,84,0.7185031,6,37,41,AUBERGINE,Miscellaneous Symbols and Pictographs,0.402
227,ğŸ°,0x1f370,84,0.78250627,13,19,52,SHORTCAKE,Miscellaneous Symbols and Pictographs,0.448
228,âœ“,0x2713,84,0.627535601,9,41,34,CHECK MARK,Dingbats,0.287
229,ğŸ‘,0x1f450,83,0.875981032,33,19,31,OPEN HANDS SIGN,Miscellaneous Symbols and Pictographs,-0.023
230,ğŸ™‡,0x1f647,83,0.794293941,24,23,36,PERSON BOWING DEEPLY,Emoticons,0.14
231,ğŸŸ,0x1f35f,83,0.650433666,14,29,40,FRENCH FRIES,Miscellaneous Symbols and Pictographs,0.302
232,ğŸŒ,0x1f34c,82,0.5406341570000001,10,25,47,BANANA,Miscellaneous Symbols and Pictographs,0.435
233,ğŸ’‘,0x1f491,82,0.6826826309999999,5,16,61,COUPLE WITH HEART,Miscellaneous Symbols and Pictographs,0.659
234,ğŸ‘¬,0x1f46c,82,0.622239773,29,29,24,TWO MEN HOLDING HANDS,Miscellaneous Symbols and Pictographs,-0.059
235,ğŸ£,0x1f423,81,0.7756505109999999,12,17,52,HATCHING CHICK,Miscellaneous Symbols and Pictographs,0.476
236,ğŸƒ,0x1f383,81,0.723541282,6,19,56,JACK-O-LANTERN,Miscellaneous Symbols and Pictographs,0.595
237,â–¬,0x25ac,81,0.33474298,0,42,39,BLACK RECTANGLE,Geometric Shapes,0.464
238,ï¿¼,0xfffc,81,0.30895801300000003,44,33,4,OBJECT REPLACEMENT CHARACTER,Specials,-0.476
239,ğŸ˜Ÿ,0x1f61f,80,0.824309355,28,18,34,WORRIED FACE,Emoticons,0.072
240,ğŸ¾,0x1f43e,78,0.7389833840000001,8,13,57,PAW PRINTS,Miscellaneous Symbols and Pictographs,0.605
241,ğŸ“,0x1f393,77,0.647134355,7,18,52,GRADUATION CAP,Miscellaneous Symbols and Pictographs,0.563
242,ğŸŠ,0x1f3ca,77,0.65309632,2,27,48,SWIMMER,Miscellaneous Symbols and Pictographs,0.575
243,ğŸ«,0x1f36b,76,0.792701023,22,20,34,CHOCOLATE BAR,Miscellaneous Symbols and Pictographs,0.152
244,ğŸ“·,0x1f4f7,76,0.48973299200000003,7,28,41,CAMERA,Miscellaneous Symbols and Pictographs,0.43
245,ğŸ‘„,0x1f444,75,0.5916742779999999,5,28,42,MOUTH,Miscellaneous Symbols and Pictographs,0.474
246,ğŸŒ¼,0x1f33c,74,0.603679109,1,12,61,BLOSSOM,Miscellaneous Symbols and Pictographs,0.779
247,ğŸš¶,0x1f6b6,74,0.796900446,28,29,17,PEDESTRIAN,Transport and Map Symbols,-0.143
248,ğŸ±,0x1f431,73,0.544447706,10,14,49,CAT FACE,Miscellaneous Symbols and Pictographs,0.513
249,â•‘,0x2551,73,0.568238107,0,62,11,BOX DRAWINGS DOUBLE VERTICAL,Box Drawing,0.145
250,ğŸ¸,0x1f438,72,0.8457721640000001,24,30,18,FROG FACE,Miscellaneous Symbols and Pictographs,-0.08
251,ğŸ‡º,0x1f1fa,71,0.6828925379999999,8,15,48,REGIONAL INDICATOR SYMBOL LETTER U,Enclosed Alphanumeric Supplement,0.541
252,ğŸ‘¿,0x1f47f,70,0.9107307790000001,47,15,8,IMP,Miscellaneous Symbols and Pictographs,-0.534
253,ğŸš¬,0x1f6ac,70,0.805066327,8,16,46,SMOKING SYMBOL,Transport and Map Symbols,0.521
254,âœ¿,0x273f,70,0.49871007,2,38,30,BLACK FLORETTE,Dingbats,0.384
255,ğŸ“–,0x1f4d6,68,0.7099411990000001,18,20,30,OPEN BOOK,Miscellaneous Symbols and Pictographs,0.169
256,ğŸ’,0x1f412,68,0.6398478870000001,1,29,38,MONKEY,Miscellaneous Symbols and Pictographs,0.521
257,ğŸŒ,0x1f30d,68,0.623864265,5,16,47,EARTH GLOBE EUROPE-AFRICA,Miscellaneous Symbols and Pictographs,0.592
258,â”Š,0x250a,68,0.681885417,0,0,68,BOX DRAWINGS LIGHT QUADRUPLE DASH VERTICAL,Box Drawing,0.958
259,ğŸ¥,0x1f425,67,0.779887133,4,18,45,FRONT-FACING BABY CHICK,Miscellaneous Symbols and Pictographs,0.586
260,ğŸŒ€,0x1f300,66,0.553405789,10,39,17,CYCLONE,Miscellaneous Symbols and Pictographs,0.101
261,ğŸ¼,0x1f43c,66,0.614422004,4,40,22,PANDA FACE,Miscellaneous Symbols and Pictographs,0.261
262,ğŸ¥,0x1f3a5,66,0.675875827,8,30,28,MOVIE CAMERA,Miscellaneous Symbols and Pictographs,0.29
263,ğŸ’„,0x1f484,66,0.636585295,6,24,36,LIPSTICK,Miscellaneous Symbols and Pictographs,0.435
264,ğŸ’¸,0x1f4b8,66,0.790337996,16,23,27,MONEY WITH WINGS,Miscellaneous Symbols and Pictographs,0.159
265,â›”,0x26d4,65,0.405987251,5,22,38,NO ENTRY,Miscellaneous Symbols,0.485
266,â—,0x25cf,65,0.561224463,8,37,20,BLACK CIRCLE,Geometric Shapes,0.176
267,ğŸ€,0x1f3c0,64,0.807196812,13,21,30,BASKETBALL AND HOOP,Miscellaneous Symbols and Pictographs,0.254
268,ğŸ’‰,0x1f489,64,0.7495559759999999,11,18,35,SYRINGE,Miscellaneous Symbols and Pictographs,0.358
269,ğŸ’Ÿ,0x1f49f,63,0.7876214440000001,3,12,48,HEART DECORATION,Miscellaneous Symbols and Pictographs,0.682
270,ğŸš—,0x1f697,62,0.6381338910000001,8,31,23,AUTOMOBILE,Transport and Map Symbols,0.231
271,ğŸ˜¯,0x1f62f,62,0.859007902,16,22,24,HUSHED FACE,Emoticons,0.123
272,ğŸ“,0x1f4dd,62,0.794711655,8,31,23,MEMO,Miscellaneous Symbols and Pictographs,0.231
273,â•,0x2550,62,0.441188106,0,61,1,BOX DRAWINGS DOUBLE HORIZONTAL,Box Drawing,0.015
274,â™¦,0x2666,61,0.562227083,6,20,35,BLACK DIAMOND SUIT,Miscellaneous Symbols,0.453
275,ğŸ’­,0x1f4ad,60,0.6879547109999999,10,27,23,THOUGHT BALLOON,Miscellaneous Symbols and Pictographs,0.206
276,ğŸŒ™,0x1f319,58,0.669389528,3,16,39,CRESCENT MOON,Miscellaneous Symbols and Pictographs,0.59
277,ğŸŸ,0x1f41f,58,0.676573608,2,12,44,FISH,Miscellaneous Symbols and Pictographs,0.689
278,ğŸ‘£,0x1f463,58,0.638779151,6,25,27,FOOTPRINTS,Miscellaneous Symbols and Pictographs,0.344
279,â˜,0x261e,58,0.725402078,0,51,7,WHITE RIGHT POINTING INDEX,Miscellaneous Symbols,0.115
280,âœ‚,0x2702,58,0.810271779,34,18,6,BLACK SCISSORS,Dingbats,-0.459
281,ğŸ—¿,0x1f5ff,58,0.941936907,5,21,32,MOYAI,Miscellaneous Symbols and Pictographs,0.443
282,ğŸ,0x1f35d,57,0.56442207,16,18,23,SPAGHETTI,Miscellaneous Symbols and Pictographs,0.117
283,ğŸ‘ª,0x1f46a,57,0.6533038520000001,24,10,23,FAMILY,Miscellaneous Symbols and Pictographs,-0.017
284,ğŸ­,0x1f36d,57,0.632538929,9,21,27,LOLLIPOP,Miscellaneous Symbols and Pictographs,0.3
285,ğŸŒƒ,0x1f303,56,0.747623603,3,27,26,NIGHT WITH STARS,Miscellaneous Symbols and Pictographs,0.39
286,âŒ,0x274c,56,0.6129979999999999,14,12,30,CROSS MARK,Dingbats,0.271
287,ğŸ°,0x1f430,55,0.707516692,4,13,38,RABBIT FACE,Miscellaneous Symbols and Pictographs,0.586
288,ğŸ’Š,0x1f48a,55,0.6750712790000001,8,14,33,PILL,Miscellaneous Symbols and Pictographs,0.431
289,ğŸš¨,0x1f6a8,55,0.5209591729999999,6,6,43,POLICE CARS REVOLVING LIGHT,Transport and Map Symbols,0.638
290,ğŸ˜¦,0x1f626,54,0.882218595,30,15,9,FROWNING FACE WITH OPEN MOUTH,Emoticons,-0.368
291,ğŸª,0x1f36a,54,0.736575166,10,16,28,COOKIE,Miscellaneous Symbols and Pictographs,0.316
292,ğŸ£,0x1f363,53,0.669970061,24,18,11,SUSHI,Miscellaneous Symbols and Pictographs,-0.232
293,â•­,0x256d,53,0.490077251,3,38,12,BOX DRAWINGS LIGHT ARC DOWN AND RIGHT,Box Drawing,0.161
294,âœ§,0x2727,53,0.398520727,1,33,19,WHITE FOUR POINTED STAR,Dingbats,0.321
295,ğŸ†,0x1f386,52,0.7985202370000001,2,9,41,FIREWORKS,Miscellaneous Symbols and Pictographs,0.709
296,â•®,0x256e,52,0.422827361,5,35,12,BOX DRAWINGS LIGHT ARC DOWN AND LEFT,Box Drawing,0.127
297,ğŸ,0x1f38e,51,0.417134709,0,2,49,JAPANESE DOLLS,Miscellaneous Symbols and Pictographs,0.907
298,ğŸ‡©,0x1f1e9,51,0.74501238,1,16,34,REGIONAL INDICATOR SYMBOL LETTER D,Enclosed Alphanumeric Supplement,0.611
299,âœ…,0x2705,51,0.672789014,3,23,25,WHITE HEAVY CHECK MARK,Dingbats,0.407
300,ğŸ‘¹,0x1f479,49,0.70117277,13,20,16,JAPANESE OGRE,Miscellaneous Symbols and Pictographs,0.058
301,ğŸ“±,0x1f4f1,49,0.719713336,4,25,20,MOBILE PHONE,Miscellaneous Symbols and Pictographs,0.308
302,ğŸ™,0x1f64d,49,0.844922892,29,8,12,PERSON FROWNING,Emoticons,-0.327
303,ğŸ‘,0x1f351,49,0.7393056309999999,12,12,25,PEACH,Miscellaneous Symbols and Pictographs,0.25
304,ğŸ¼,0x1f3bc,49,0.636141803,2,28,19,MUSICAL SCORE,Miscellaneous Symbols and Pictographs,0.327
305,ğŸ”Š,0x1f50a,49,0.651738713,4,20,25,SPEAKER WITH THREE SOUND WAVES,Miscellaneous Symbols and Pictographs,0.404
306,ğŸŒŒ,0x1f30c,47,0.750586217,5,11,31,MILKY WAY,Miscellaneous Symbols and Pictographs,0.52
307,ğŸ,0x1f34e,47,0.75089759,6,19,22,RED APPLE,Miscellaneous Symbols and Pictographs,0.32
308,ğŸ»,0x1f43b,47,0.691609267,6,13,28,BEAR FACE,Miscellaneous Symbols and Pictographs,0.44
309,â”€,0x2500,47,0.7113483740000001,0,40,7,BOX DRAWINGS LIGHT HORIZONTAL,Box Drawing,0.14
310,â•°,0x2570,47,0.509745612,7,36,4,BOX DRAWINGS LIGHT ARC UP AND RIGHT,Box Drawing,-0.06
311,ğŸ’‡,0x1f487,46,0.678429189,7,16,23,HAIRCUT,Miscellaneous Symbols and Pictographs,0.327
312,â™¬,0x266c,46,0.677442137,4,26,16,BEAMED SIXTEENTH NOTES,Miscellaneous Symbols,0.245
313,â™š,0x265a,46,0.389194579,0,44,2,BLACK CHESS KING,Miscellaneous Symbols,0.041
314,ğŸ”´,0x1f534,45,0.655928061,1,24,20,LARGE RED CIRCLE,Miscellaneous Symbols and Pictographs,0.396
315,ğŸ±,0x1f371,45,0.58000953,25,10,10,BENTO BOX,Miscellaneous Symbols and Pictographs,-0.313
316,ğŸŠ,0x1f34a,45,0.6972999990000001,6,13,26,TANGERINE,Miscellaneous Symbols and Pictographs,0.417
317,ğŸ’,0x1f352,45,0.6194340770000001,6,18,21,CHERRIES,Miscellaneous Symbols and Pictographs,0.313
318,ğŸ­,0x1f42d,45,0.8225458040000001,0,12,33,MOUSE FACE,Miscellaneous Symbols and Pictographs,0.688
319,ğŸ‘Ÿ,0x1f45f,45,0.561642541,5,15,25,ATHLETIC SHOE,Miscellaneous Symbols and Pictographs,0.417
320,ğŸŒ,0x1f30e,44,0.7434386159999999,5,19,20,EARTH GLOBE AMERICAS,Miscellaneous Symbols and Pictographs,0.319
321,ğŸ,0x1f34d,44,0.5833362870000001,7,8,29,PINEAPPLE,Miscellaneous Symbols and Pictographs,0.468
322,ğŸ®,0x1f42e,43,0.846658768,2,12,29,COW FACE,Miscellaneous Symbols and Pictographs,0.587
323,ğŸ“²,0x1f4f2,43,0.5981721329999999,7,18,18,MOBILE PHONE WITH RIGHTWARDS ARROW AT LEFT,Miscellaneous Symbols and Pictographs,0.239
324,â˜¼,0x263c,43,0.461142875,2,30,11,WHITE SUN WITH RAYS,Miscellaneous Symbols,0.196
325,ğŸŒ…,0x1f305,42,0.6035510510000001,6,14,22,SUNRISE,Miscellaneous Symbols and Pictographs,0.356
326,ğŸ‡·,0x1f1f7,42,0.7163278470000001,1,10,31,REGIONAL INDICATOR SYMBOL LETTER R,Enclosed Alphanumeric Supplement,0.667
327,ğŸ‘ ,0x1f460,42,0.6372430170000001,6,14,22,HIGH-HEELED SHOE,Miscellaneous Symbols and Pictographs,0.356
328,ğŸŒ½,0x1f33d,42,0.648931091,5,12,25,EAR OF MAIZE,Miscellaneous Symbols and Pictographs,0.444
329,ğŸ’§,0x1f4a7,41,0.76764795,20,8,13,DROPLET,Miscellaneous Symbols and Pictographs,-0.159
330,â“,0x2753,41,0.614920844,7,24,10,BLACK QUESTION MARK ORNAMENT,Dingbats,0.068
331,ğŸ¬,0x1f36c,41,0.7840721909999999,8,9,24,CANDY,Miscellaneous Symbols and Pictographs,0.364
332,ğŸ˜º,0x1f63a,40,0.825897808,8,7,25,SMILING CAT FACE WITH OPEN MOUTH,Emoticons,0.395
333,ğŸ´,0x1f434,40,0.7957763929999999,8,21,11,HORSE FACE,Miscellaneous Symbols and Pictographs,0.07
334,ğŸš€,0x1f680,40,0.6984799309999999,2,15,23,ROCKET,Transport and Map Symbols,0.488
335,Â¦,0xa6,40,0.402048475,7,1,32,BROKEN BAR,Latin-1 Supplement,0.581
336,ğŸ’¢,0x1f4a2,40,0.5606442739999999,6,18,16,ANGER SYMBOL,Miscellaneous Symbols and Pictographs,0.233
337,ğŸ¬,0x1f3ac,40,0.650028961,2,24,14,CLAPPER BOARD,Miscellaneous Symbols and Pictographs,0.279
338,ğŸ§,0x1f367,40,0.6748478659999999,9,9,22,SHAVED ICE,Miscellaneous Symbols and Pictographs,0.302
339,ğŸœ,0x1f35c,40,0.577916931,9,5,26,STEAMING BOWL,Miscellaneous Symbols and Pictographs,0.395
340,ğŸ,0x1f40f,40,0.975591533,2,12,26,RAM,Miscellaneous Symbols and Pictographs,0.558
341,ğŸ˜,0x1f418,40,0.7222567679999999,9,21,10,ELEPHANT,Miscellaneous Symbols and Pictographs,0.023
342,ğŸ‘§,0x1f467,40,0.6494987170000001,10,14,16,GIRL,Miscellaneous Symbols and Pictographs,0.14
343,â €,0x2800,40,0.377950694,6,26,8,BRAILLE PATTERN BLANK,Braille Patterns,0.047
344,ğŸ„,0x1f3c4,39,0.772893432,2,13,24,SURFER,Miscellaneous Symbols and Pictographs,0.524
345,â¤,0x27a4,39,0.38219529799999996,0,26,13,BLACK RIGHTWARDS ARROWHEAD,Dingbats,0.31
346,â¬†,0x2b06,39,0.605681579,1,25,13,UPWARDS BLACK ARROW,Miscellaneous Symbols and Arrows,0.286
347,ğŸ‹,0x1f34b,38,0.7428028590000001,6,16,16,LEMON,Miscellaneous Symbols and Pictographs,0.244
348,ğŸ†—,0x1f197,38,0.8523165420000001,6,4,28,SQUARED OK,Enclosed Alphanumeric Supplement,0.537
349,âšª,0x26aa,37,0.5647804439999999,0,19,18,MEDIUM WHITE CIRCLE,Miscellaneous Symbols,0.45
350,ğŸ“º,0x1f4fa,37,0.61386867,3,16,18,TELEVISION,Miscellaneous Symbols and Pictographs,0.375
351,ğŸ…,0x1f345,37,0.838126825,9,5,23,TOMATO,Miscellaneous Symbols and Pictographs,0.35
352,â›…,0x26c5,37,0.61632427,4,11,22,SUN BEHIND CLOUD,Miscellaneous Symbols,0.45
353,ğŸ¢,0x1f422,37,0.621646684,6,17,14,TURTLE,Miscellaneous Symbols and Pictographs,0.2
354,ğŸ‘™,0x1f459,37,0.6972020040000001,3,11,23,BIKINI,Miscellaneous Symbols and Pictographs,0.5
355,ğŸ¡,0x1f3e1,36,0.744478613,5,9,22,HOUSE WITH GARDEN,Miscellaneous Symbols and Pictographs,0.436
356,ğŸŒ¾,0x1f33e,36,0.558280959,5,5,26,EAR OF RICE,Miscellaneous Symbols and Pictographs,0.538
357,â—‰,0x25c9,36,0.046697697,0,26,10,FISHEYE,Geometric Shapes,0.256
358,âœ,0x270f,35,0.625100023,3,16,16,PENCIL,Dingbats,0.342
359,ğŸ¬,0x1f42c,35,0.74664334,2,15,18,DOLPHIN,Miscellaneous Symbols and Pictographs,0.421
360,ğŸ¤,0x1f364,35,0.513142123,6,21,8,FRIED SHRIMP,Miscellaneous Symbols and Pictographs,0.053
361,ğŸ‡¹,0x1f1f9,35,0.584324615,0,13,22,REGIONAL INDICATOR SYMBOL LETTER T,Enclosed Alphanumeric Supplement,0.579
362,â™£,0x2663,35,0.6660969720000001,4,14,17,BLACK CLUB SUIT,Miscellaneous Symbols,0.342
363,ğŸ,0x1f41d,35,0.734687255,5,17,13,HONEYBEE,Miscellaneous Symbols and Pictographs,0.211
364,ğŸŒ,0x1f31d,34,0.7181245890000001,5,17,12,FULL MOON WITH FACE,Miscellaneous Symbols and Pictographs,0.189
365,ğŸ‡®,0x1f1ee,34,0.575925963,0,12,22,REGIONAL INDICATOR SYMBOL LETTER I,Enclosed Alphanumeric Supplement,0.595
366,ğŸ”‹,0x1f50b,34,0.583005086,22,8,4,BATTERY,Miscellaneous Symbols and Pictographs,-0.486
367,ğŸ,0x1f40d,34,0.622534826,3,15,16,SNAKE,Miscellaneous Symbols and Pictographs,0.351
368,â™”,0x2654,34,0.588904318,0,14,20,WHITE CHESS KING,Miscellaneous Symbols,0.541
369,ğŸ³,0x1f373,33,0.798473001,13,6,14,COOKING,Miscellaneous Symbols and Pictographs,0.028
370,ğŸ”µ,0x1f535,33,0.680543536,4,14,15,LARGE BLUE CIRCLE,Miscellaneous Symbols and Pictographs,0.306
371,ğŸ˜¾,0x1f63e,33,0.914644696,20,5,8,POUTING CAT FACE,Emoticons,-0.333
372,ğŸŒ•,0x1f315,33,0.641921506,3,7,23,FULL MOON SYMBOL,Miscellaneous Symbols and Pictographs,0.556
373,ğŸ¨,0x1f428,33,0.6962982740000001,4,9,20,KOALA,Miscellaneous Symbols and Pictographs,0.444
374,ğŸ”,0x1f510,33,0.8452139609999999,6,9,18,CLOSED LOCK WITH KEY,Miscellaneous Symbols and Pictographs,0.333
375,ğŸ’¿,0x1f4bf,33,0.44446609200000003,0,11,22,OPTICAL DISC,Miscellaneous Symbols and Pictographs,0.611
376,â,0x2741,33,0.49253575299999997,0,31,2,EIGHT PETALLED OUTLINED BLACK FLORETTE,Dingbats,0.056
377,ğŸŒ³,0x1f333,32,0.5361801310000001,2,11,19,DECIDUOUS TREE,Miscellaneous Symbols and Pictographs,0.486
378,ğŸ‘°,0x1f470,32,0.787391801,3,9,20,BRIDE WITH VEIL,Miscellaneous Symbols and Pictographs,0.486
379,â€,0x2740,32,0.44366436200000003,0,18,14,WHITE FLORETTE,Dingbats,0.4
380,âš“,0x2693,32,0.592872704,2,8,22,ANCHOR,Miscellaneous Symbols,0.571
381,ğŸš´,0x1f6b4,32,0.573441922,0,9,23,BICYCLIST,Transport and Map Symbols,0.657
382,â–€,0x2580,32,0.24997119199999998,10,17,5,UPPER HALF BLOCK,Block Elements,-0.143
383,ğŸ‘—,0x1f457,31,0.703059819,5,13,13,DRESS,Miscellaneous Symbols and Pictographs,0.235
384,â•,0x2795,31,0.034111266,4,5,22,HEAVY PLUS SIGN,Dingbats,0.529
385,ğŸ’¬,0x1f4ac,30,0.635322751,4,10,16,SPEECH BALLOON,Miscellaneous Symbols and Pictographs,0.364
386,â–’,0x2592,30,0.5006455,2,27,1,MEDIUM SHADE,Block Elements,-0.03
387,ğŸ”œ,0x1f51c,30,0.606237062,5,11,14,SOON WITH RIGHTWARDS ARROW ABOVE,Miscellaneous Symbols and Pictographs,0.273
388,ğŸ¨,0x1f368,30,0.656537195,8,7,15,ICE CREAM,Miscellaneous Symbols and Pictographs,0.212
389,ğŸ’²,0x1f4b2,30,0.793676272,0,22,8,HEAVY DOLLAR SIGN,Miscellaneous Symbols and Pictographs,0.242
390,â›½,0x26fd,30,0.287349631,1,23,6,FUEL PUMP,Miscellaneous Symbols,0.152
391,ğŸ™,0x1f359,29,0.566487361,5,10,14,RICE BALL,Miscellaneous Symbols and Pictographs,0.281
392,ğŸ—,0x1f357,29,0.674706178,9,9,11,POULTRY LEG,Miscellaneous Symbols and Pictographs,0.063
393,ğŸ²,0x1f372,29,0.672925496,7,11,11,POT OF FOOD,Miscellaneous Symbols and Pictographs,0.125
394,ğŸ¥,0x1f365,29,0.57963379,22,4,3,FISH CAKE WITH SWIRL DESIGN,Miscellaneous Symbols and Pictographs,-0.594
395,â–¸,0x25b8,29,0.516844972,0,22,7,BLACK RIGHT-POINTING SMALL TRIANGLE,Geometric Shapes,0.219
396,â™›,0x265b,29,0.48995855,4,15,10,BLACK CHESS QUEEN,Miscellaneous Symbols,0.188
397,ğŸ˜¼,0x1f63c,28,0.855991066,5,7,16,CAT FACE WITH WRY SMILE,Emoticons,0.355
398,ğŸ™,0x1f419,28,0.6776376279999999,2,12,14,OCTOPUS,Miscellaneous Symbols and Pictographs,0.387
399,ğŸ‘¨,0x1f468,28,0.693754806,2,8,18,MAN,Miscellaneous Symbols and Pictographs,0.516
400,ğŸš,0x1f35a,28,0.636903275,6,2,20,COOKED RICE,Miscellaneous Symbols and Pictographs,0.452
401,ğŸ–,0x1f356,28,0.678553575,7,10,11,MEAT ON BONE,Miscellaneous Symbols and Pictographs,0.129
402,â™¨,0x2668,28,0.664942237,0,1,27,HOT SPRINGS,Miscellaneous Symbols,0.871
403,ğŸ¹,0x1f3b9,28,0.466337612,0,17,11,MUSICAL KEYBOARD,Miscellaneous Symbols and Pictographs,0.355
404,â™•,0x2655,28,0.621310417,0,16,12,WHITE CHESS QUEEN,Miscellaneous Symbols,0.387
405,â–ƒ,0x2583,28,0.37318840600000003,0,0,28,LOWER THREE EIGHTHS BLOCK,Block Elements,0.903
406,ğŸš˜,0x1f698,27,0.649502793,8,9,10,ONCOMING AUTOMOBILE,Transport and Map Symbols,0.067
407,ğŸ,0x1f34f,27,0.85243179,7,11,9,GREEN APPLE,Miscellaneous Symbols and Pictographs,0.067
408,ğŸ‘©,0x1f469,27,0.7317733270000001,9,7,11,WOMAN,Miscellaneous Symbols and Pictographs,0.067
409,ğŸ‘¦,0x1f466,27,0.6064578860000001,5,13,9,BOY,Miscellaneous Symbols and Pictographs,0.133
410,ğŸ‡¬,0x1f1ec,27,0.582061343,2,15,10,REGIONAL INDICATOR SYMBOL LETTER G,Enclosed Alphanumeric Supplement,0.267
411,ğŸ‡§,0x1f1e7,27,0.595070874,2,15,10,REGIONAL INDICATOR SYMBOL LETTER B,Enclosed Alphanumeric Supplement,0.267
412,â˜ ,0x2620,27,0.748862198,7,14,6,SKULL AND CROSSBONES,Miscellaneous Symbols,-0.033
413,ğŸ ,0x1f420,26,0.767680777,4,6,16,TROPICAL FISH,Miscellaneous Symbols and Pictographs,0.414
414,ğŸš¹,0x1f6b9,26,0.811646698,1,4,21,MENS SYMBOL,Transport and Map Symbols,0.69
415,ğŸ’µ,0x1f4b5,26,0.806506343,3,9,14,BANKNOTE WITH DOLLAR SIGN,Miscellaneous Symbols and Pictographs,0.379
416,âœ°,0x2730,26,0.19481227,0,3,23,SHADOWED WHITE STAR,Dingbats,0.793
417,â• ,0x2560,26,0.542511882,0,20,6,BOX DRAWINGS DOUBLE VERTICAL AND RIGHT,Box Drawing,0.207
418,ğŸ‘›,0x1f45b,25,0.6963597859999999,4,7,14,PURSE,Miscellaneous Symbols and Pictographs,0.357
419,ğŸš™,0x1f699,25,0.653234313,5,14,6,RECREATIONAL VEHICLE,Transport and Map Symbols,0.036
420,ğŸŒ±,0x1f331,25,0.561338235,0,9,16,SEEDLING,Miscellaneous Symbols and Pictographs,0.571
421,ğŸ’»,0x1f4bb,25,0.48941561299999997,1,16,8,PERSONAL COMPUTER,Miscellaneous Symbols and Pictographs,0.25
422,ğŸŒ,0x1f30f,25,0.681460526,3,10,12,EARTH GLOBE ASIA-AUSTRALIA,Miscellaneous Symbols and Pictographs,0.321
423,â–„,0x2584,25,0.46445382399999996,8,11,6,LOWER HALF BLOCK,Block Elements,-0.071
424,ğŸ‘“,0x1f453,24,0.514451688,0,16,8,EYEGLASSES,Miscellaneous Symbols and Pictographs,0.296
425,â—„,0x25c4,24,0.6719792529999999,0,18,6,BLACK LEFT-POINTING POINTER,Geometric Shapes,0.222
426,âš¾,0x26be,24,0.213609507,9,7,8,BASEBALL,Miscellaneous Symbols,-0.037
427,ğŸŒ²,0x1f332,23,0.496443035,2,9,12,EVERGREEN TREE,Miscellaneous Symbols and Pictographs,0.385
428,ğŸ‘´,0x1f474,23,0.783858479,5,7,11,OLDER MAN,Miscellaneous Symbols and Pictographs,0.231
429,ğŸ ,0x1f3e0,23,0.641777733,1,8,14,HOUSE BUILDING,Miscellaneous Symbols and Pictographs,0.5
430,ğŸ‡,0x1f347,23,0.583781365,5,6,12,GRAPES,Miscellaneous Symbols and Pictographs,0.269
431,ğŸ˜,0x1f358,23,0.620778046,5,3,15,RICE CRACKER,Miscellaneous Symbols and Pictographs,0.385
432,ğŸ›,0x1f35b,23,0.585489158,8,6,9,CURRY AND RICE,Miscellaneous Symbols and Pictographs,0.038
433,ğŸ‡,0x1f407,23,0.96735812,4,9,10,RABBIT,Miscellaneous Symbols and Pictographs,0.231
434,ğŸ”,0x1f51e,23,0.814490975,6,12,5,NO ONE UNDER EIGHTEEN SYMBOL,Miscellaneous Symbols and Pictographs,-0.038
435,ğŸ‘µ,0x1f475,23,0.818006874,5,2,16,OLDER WOMAN,Miscellaneous Symbols and Pictographs,0.423
436,â—€,0x25c0,23,0.221018064,0,16,7,BLACK LEFT-POINTING TRIANGLE,Geometric Shapes,0.269
437,ğŸ”™,0x1f519,23,0.143848565,2,14,7,BACK WITH LEFTWARDS ARROW ABOVE,Miscellaneous Symbols and Pictographs,0.192
438,ğŸŒµ,0x1f335,23,0.670060172,6,6,11,CACTUS,Miscellaneous Symbols and Pictographs,0.192
439,ğŸ½,0x1f43d,22,0.647826714,5,9,8,PIG NOSE,Miscellaneous Symbols and Pictographs,0.12
440,ğŸ®,0x1f36e,22,0.701402915,10,5,7,CUSTARD,Miscellaneous Symbols and Pictographs,-0.12
441,ğŸ‡,0x1f387,22,0.820989335,1,3,18,FIREWORK SPARKLER,Miscellaneous Symbols and Pictographs,0.68
442,ğŸ,0x1f40e,22,0.698088195,2,8,12,HORSE,Miscellaneous Symbols and Pictographs,0.4
443,â”,0x2794,22,0.540918757,3,19,0,HEAVY WIDE-HEADED RIGHTWARDS ARROW,Dingbats,-0.12
444,ğŸ’¶,0x1f4b6,22,0.748289907,3,16,3,BANKNOTE WITH EURO SIGN,Miscellaneous Symbols and Pictographs,0.0
445,ğŸ¤,0x1f424,22,0.838037285,1,7,14,BABY CHICK,Miscellaneous Symbols and Pictographs,0.52
446,â•©,0x2569,22,0.8113636359999999,0,17,5,BOX DRAWINGS DOUBLE UP AND HORIZONTAL,Box Drawing,0.2
447,ğŸ›€,0x1f6c0,21,0.9042983809999999,6,6,9,BATH,Transport and Map Symbols,0.125
448,ğŸŒ‘,0x1f311,21,0.603915537,2,6,13,NEW MOON SYMBOL,Miscellaneous Symbols and Pictographs,0.458
449,ğŸš²,0x1f6b2,21,0.582675365,1,10,10,BICYCLE,Transport and Map Symbols,0.375
450,ğŸ‘,0x1f411,21,0.921935783,6,13,2,SHEEP,Miscellaneous Symbols and Pictographs,-0.167
451,ğŸ,0x1f3c1,21,0.618314821,0,9,12,CHEQUERED FLAG,Miscellaneous Symbols and Pictographs,0.5
452,ğŸ,0x1f35e,21,0.710838498,6,8,7,BREAD,Miscellaneous Symbols and Pictographs,0.042
453,ğŸ¾,0x1f3be,21,0.820392839,2,4,15,TENNIS RACQUET AND BALL,Miscellaneous Symbols and Pictographs,0.542
454,â•š,0x255a,21,0.7143117640000001,0,14,7,BOX DRAWINGS DOUBLE UP AND RIGHT,Box Drawing,0.292
455,ğŸˆ¹,0x1f239,21,0.349907717,1,12,8,SQUARED CJK UNIFIED IDEOGRAPH-5272,Enclosed Ideographic Supplement,0.292
456,ğŸ³,0x1f433,20,0.65571861,4,9,7,SPOUTING WHALE,Miscellaneous Symbols and Pictographs,0.13
457,ğŸ‘®,0x1f46e,20,0.742230559,10,8,2,POLICE OFFICER,Miscellaneous Symbols and Pictographs,-0.348
458,â˜¹,0x2639,20,0.776559964,14,4,2,WHITE FROWNING FACE,Miscellaneous Symbols,-0.522
459,ğŸµ,0x1f435,20,0.63050797,1,7,12,MONKEY FACE,Miscellaneous Symbols and Pictographs,0.478
460,âœª,0x272a,20,0.287581918,0,13,7,CIRCLED WHITE STAR,Dingbats,0.304
461,â—•,0x25d5,20,0.5941340420000001,0,10,10,CIRCLE WITH ALL BUT UPPER LEFT QUADRANT BLACK,Geometric Shapes,0.435
462,ğŸ—¼,0x1f5fc,20,0.653788547,1,6,13,TOKYO TOWER,Miscellaneous Symbols and Pictographs,0.522
463,â–,0x2590,20,0.304138759,4,15,1,RIGHT HALF BLOCK,Block Elements,-0.13
464,â™ ,0x2660,20,0.533120829,0,13,7,BLACK SPADE SUIT,Miscellaneous Symbols,0.304
465,â”³,0x2533,20,0.39928813399999996,10,8,2,BOX DRAWINGS HEAVY DOWN AND HORIZONTAL,Box Drawing,-0.348
466,ğŸ‘º,0x1f47a,19,0.824824563,8,7,4,JAPANESE GOBLIN,Miscellaneous Symbols and Pictographs,-0.182
467,ğŸš,0x1f41a,19,0.526458845,1,12,6,SPIRAL SHELL,Miscellaneous Symbols and Pictographs,0.227
468,ğŸ‘‚,0x1f442,19,0.68212761,7,8,4,EAR,Miscellaneous Symbols and Pictographs,-0.136
469,ğŸ—½,0x1f5fd,19,0.651087541,1,10,8,STATUE OF LIBERTY,Miscellaneous Symbols and Pictographs,0.318
470,ğŸµ,0x1f375,19,0.650326294,3,5,11,TEACUP WITHOUT HANDLE,Miscellaneous Symbols and Pictographs,0.364
471,ğŸ†’,0x1f192,19,0.627794041,0,11,8,SQUARED COOL,Enclosed Alphanumeric Supplement,0.364
472,ğŸ¯,0x1f36f,19,0.779822828,7,4,8,HONEY POT,Miscellaneous Symbols and Pictographs,0.045
473,ğŸº,0x1f43a,19,0.734916913,2,10,7,WOLF FACE,Miscellaneous Symbols and Pictographs,0.227
474,â‡¨,0x21e8,19,0.541146317,0,9,10,RIGHTWARDS WHITE ARROW,Arrows,0.455
475,â¨,0x27a8,19,0.558287039,2,12,5,HEAVY CONCAVE-POINTED BLACK RIGHTWARDS ARROW,Dingbats,0.136
476,ğŸŒ“,0x1f313,19,0.45829739399999997,0,6,13,FIRST QUARTER MOON SYMBOL,Miscellaneous Symbols and Pictographs,0.591
477,ğŸ”’,0x1f512,19,0.9392970490000001,5,5,9,LOCK,Miscellaneous Symbols and Pictographs,0.182
478,â•¬,0x256c,19,0.32158749,6,10,3,BOX DRAWINGS DOUBLE VERTICAL AND HORIZONTAL,Box Drawing,-0.136
479,ğŸ‘³,0x1f473,18,0.8160813929999999,2,1,15,MAN WITH TURBAN,Miscellaneous Symbols and Pictographs,0.619
480,ğŸŒ‚,0x1f302,18,0.784983076,2,9,7,CLOSED UMBRELLA,Miscellaneous Symbols and Pictographs,0.238
481,ğŸšŒ,0x1f68c,18,0.635613322,2,10,6,BUS,Transport and Map Symbols,0.19
482,â™©,0x2669,18,0.791816647,0,7,11,QUARTER NOTE,Miscellaneous Symbols,0.524
483,ğŸ¡,0x1f361,18,0.699734257,5,9,4,DANGO,Miscellaneous Symbols and Pictographs,-0.048
484,â¥,0x2765,18,0.440217022,0,13,5,ROTATED HEAVY BLACK HEART BULLET,Dingbats,0.238
485,ğŸ¡,0x1f3a1,18,0.506097489,1,10,7,FERRIS WHEEL,Miscellaneous Symbols and Pictographs,0.286
486,ğŸ’Œ,0x1f48c,17,0.8050005440000001,2,3,12,LOVE LETTER,Miscellaneous Symbols and Pictographs,0.5
487,ğŸ©,0x1f429,17,0.87034228,0,10,7,POODLE,Miscellaneous Symbols and Pictographs,0.35
488,ğŸŒœ,0x1f31c,17,0.604117045,0,7,10,LAST QUARTER MOON WITH FACE,Miscellaneous Symbols and Pictographs,0.5
489,âŒš,0x231a,17,0.64929786,2,9,6,WATCH,Miscellaneous Technical,0.2
490,ğŸš¿,0x1f6bf,17,0.6692171379999999,1,3,13,SHOWER,Transport and Map Symbols,0.6
491,ğŸ–,0x1f416,17,0.8140549509999999,0,14,3,PIG,Miscellaneous Symbols and Pictographs,0.15
492,ğŸ”†,0x1f506,17,0.604618098,0,6,11,HIGH BRIGHTNESS SYMBOL,Miscellaneous Symbols and Pictographs,0.55
493,ğŸŒ›,0x1f31b,17,0.679966738,0,6,11,FIRST QUARTER MOON WITH FACE,Miscellaneous Symbols and Pictographs,0.55
494,ğŸ’‚,0x1f482,17,0.6912826540000001,8,4,5,GUARDSMAN,Miscellaneous Symbols and Pictographs,-0.15
495,ğŸ”,0x1f414,17,0.627149273,1,9,7,CHICKEN,Miscellaneous Symbols and Pictographs,0.3
496,ğŸ™,0x1f64e,17,0.640742988,8,2,7,PERSON WITH POUTING FACE,Emoticons,-0.05
497,ğŸ©,0x1f3e9,16,0.587431016,2,4,10,LOVE HOTEL,Miscellaneous Symbols and Pictographs,0.421
498,ğŸ‡«,0x1f1eb,16,0.718033886,0,7,9,REGIONAL INDICATOR SYMBOL LETTER F,Enclosed Alphanumeric Supplement,0.474
499,ğŸ”¨,0x1f528,16,0.7386038659999999,6,6,4,HAMMER,Miscellaneous Symbols and Pictographs,-0.105
500,ğŸ“¢,0x1f4e2,16,0.545722402,0,8,8,PUBLIC ADDRESS LOUDSPEAKER,Miscellaneous Symbols and Pictographs,0.421
501,ğŸ¦,0x1f426,16,0.75753571,0,8,8,BIRD,Miscellaneous Symbols and Pictographs,0.421
502,ğŸ²,0x1f432,16,0.457546329,2,13,1,DRAGON FACE,Miscellaneous Symbols and Pictographs,-0.053
503,â™»,0x267b,16,0.438690753,0,7,9,BLACK UNIVERSAL RECYCLING SYMBOL,Miscellaneous Symbols,0.474
504,ğŸŒ˜,0x1f318,16,0.577817017,0,5,11,WANING CRESCENT MOON SYMBOL,Miscellaneous Symbols and Pictographs,0.579
505,ğŸ,0x1f350,16,0.84457574,5,3,8,PEAR,Miscellaneous Symbols and Pictographs,0.158
506,ğŸŒ”,0x1f314,16,0.447188207,0,5,11,WAXING GIBBOUS MOON SYMBOL,Miscellaneous Symbols and Pictographs,0.579
507,â•¥,0x2565,16,0.8694829,6,2,8,BOX DRAWINGS DOWN DOUBLE AND HORIZONTAL SINGLE,Box Drawing,0.105
508,âŠ,0x274a,16,0.45212766,0,16,0,EIGHT TEARDROP-SPOKED PROPELLER ASTERISK,Dingbats,0.0
509,ğŸ‘–,0x1f456,15,0.910194857,1,7,7,JEANS,Miscellaneous Symbols and Pictographs,0.333
510,ğŸšº,0x1f6ba,15,0.677226689,2,8,5,WOMENS SYMBOL,Transport and Map Symbols,0.167
511,ğŸ˜—,0x1f617,15,0.714328477,1,2,12,KISSING FACE,Emoticons,0.611
512,ğŸ­,0x1f3ad,15,0.657660049,5,5,5,PERFORMING ARTS,Miscellaneous Symbols and Pictographs,0.0
513,ğŸ„,0x1f404,15,0.825887991,2,6,7,COW,Miscellaneous Symbols and Pictographs,0.278
514,â—Ÿ,0x25df,15,0.646546064,2,12,1,LOWER LEFT QUADRANT CIRCULAR ARC,Geometric Shapes,-0.056
515,ğŸ¢,0x1f362,15,0.684276452,5,7,3,ODEN,Miscellaneous Symbols and Pictographs,-0.111
516,ğŸ¨,0x1f3a8,15,0.49054815399999996,1,10,4,ARTIST PALETTE,Miscellaneous Symbols and Pictographs,0.167
517,â¬‡,0x2b07,15,0.631917187,2,4,9,DOWNWARDS BLACK ARROW,Miscellaneous Symbols and Arrows,0.389
518,ğŸš¼,0x1f6bc,15,0.692874634,0,5,10,BABY SYMBOL,Transport and Map Symbols,0.556
519,â›²,0x26f2,15,0.697309585,1,12,2,FOUNTAIN,Miscellaneous Symbols,0.056
520,â–,0x2581,15,0.7113197509999999,0,15,0,LOWER ONE EIGHTH BLOCK,Block Elements,0.0
521,ğŸ‡´,0x1f1f4,15,0.676124081,0,9,6,REGIONAL INDICATOR SYMBOL LETTER O,Enclosed Alphanumeric Supplement,0.333
522,ğŸŒ—,0x1f317,15,0.54681955,0,4,11,LAST QUARTER MOON SYMBOL,Miscellaneous Symbols and Pictographs,0.611
523,ğŸŒ–,0x1f316,15,0.534539354,0,4,11,WANING GIBBOUS MOON SYMBOL,Miscellaneous Symbols and Pictographs,0.611
524,ğŸ”…,0x1f505,15,0.6347826089999999,0,0,15,LOW BRIGHTNESS SYMBOL,Miscellaneous Symbols and Pictographs,0.833
525,ğŸ‘œ,0x1f45c,14,0.6754826190000001,2,6,6,HANDBAG,Miscellaneous Symbols and Pictographs,0.235
526,ğŸŒ,0x1f40c,14,0.42134976399999996,0,3,11,SNAIL,Miscellaneous Symbols and Pictographs,0.647
527,ğŸ’¼,0x1f4bc,14,0.573028381,1,3,10,BRIEFCASE,Miscellaneous Symbols and Pictographs,0.529
528,ğŸš•,0x1f695,14,0.526016674,3,8,3,TAXI,Transport and Map Symbols,0.0
529,ğŸ¹,0x1f439,14,0.7437008390000001,3,3,8,HAMSTER FACE,Miscellaneous Symbols and Pictographs,0.294
530,ğŸŒ ,0x1f320,14,0.7614115309999999,2,1,11,SHOOTING STAR,Miscellaneous Symbols and Pictographs,0.529
531,ğŸˆ,0x1f408,14,0.645414223,0,9,5,CAT,Miscellaneous Symbols and Pictographs,0.294
532,â‡§,0x21e7,14,0.461420203,0,12,2,UPWARDS WHITE ARROW,Arrows,0.118
533,â˜,0x260e,14,0.836709012,2,10,2,BLACK TELEPHONE,Miscellaneous Symbols,0.0
534,ğŸŒ,0x1f301,14,0.744406749,1,9,4,FOGGY,Miscellaneous Symbols and Pictographs,0.176
535,âš«,0x26ab,14,0.44091299700000003,3,4,7,MEDIUM BLACK CIRCLE,Miscellaneous Symbols,0.235
536,â™§,0x2667,14,0.775062446,0,6,8,WHITE CLUB SUIT,Miscellaneous Symbols,0.471
537,ğŸ°,0x1f3f0,14,0.434066804,1,7,6,EUROPEAN CASTLE,Miscellaneous Symbols and Pictographs,0.294
538,ğŸšµ,0x1f6b5,14,0.5561554,0,8,6,MOUNTAIN BICYCLIST,Transport and Map Symbols,0.353
539,ğŸ¢,0x1f3a2,14,0.825803746,1,4,9,ROLLER COASTER,Miscellaneous Symbols and Pictographs,0.471
540,ğŸ·,0x1f3b7,14,0.759955203,0,3,11,SAXOPHONE,Miscellaneous Symbols and Pictographs,0.647
541,ğŸ,0x1f390,14,0.290879701,0,11,3,WIND CHIME,Miscellaneous Symbols and Pictographs,0.176
542,â”ˆ,0x2508,14,0.792740417,12,0,2,BOX DRAWINGS LIGHT QUADRUPLE DASH HORIZONTAL,Box Drawing,-0.588
543,â•—,0x2557,14,0.36111983299999995,0,8,6,BOX DRAWINGS DOUBLE DOWN AND LEFT,Box Drawing,0.353
544,â•±,0x2571,14,0.547959184,0,14,0,BOX DRAWINGS LIGHT DIAGONAL UPPER RIGHT TO LOWER LEFT,Box Drawing,0.0
545,ğŸŒ‡,0x1f307,13,0.54287435,0,5,8,SUNSET OVER BUILDINGS,Miscellaneous Symbols and Pictographs,0.5
546,â°,0x23f0,13,0.645780266,2,2,9,ALARM CLOCK,Miscellaneous Technical,0.438
547,â‡©,0x21e9,13,0.503572636,0,13,0,DOWNWARDS WHITE ARROW,Arrows,0.0
548,ğŸš‚,0x1f682,13,0.656030729,0,9,4,STEAM LOCOMOTIVE,Transport and Map Symbols,0.25
549,â— ,0x25e0,13,0.652555193,0,6,7,UPPER HALF CIRCLE,Geometric Shapes,0.438
550,ğŸ¿,0x1f3bf,13,0.727391903,1,5,7,SKI AND SKI BOOT,Miscellaneous Symbols and Pictographs,0.375
551,âœ¦,0x2726,13,0.402369693,0,12,1,BLACK FOUR POINTED STAR,Dingbats,0.063
552,ğŸ†”,0x1f194,13,0.47912477600000003,0,1,12,SQUARED ID,Enclosed Alphanumeric Supplement,0.75
553,â›ª,0x26ea,13,0.38723933,2,7,4,CHURCH,Miscellaneous Symbols,0.125
554,ğŸŒ’,0x1f312,13,0.44622239700000005,0,4,9,WAXING CRESCENT MOON SYMBOL,Miscellaneous Symbols and Pictographs,0.563
555,ğŸª,0x1f42a,13,0.836925018,0,4,9,DROMEDARY CAMEL,Miscellaneous Symbols and Pictographs,0.563
556,â•”,0x2554,13,0.30982436399999996,0,9,4,BOX DRAWINGS DOUBLE DOWN AND RIGHT,Box Drawing,0.25
557,â•,0x255d,13,0.8000375690000001,0,6,7,BOX DRAWINGS DOUBLE UP AND LEFT,Box Drawing,0.438
558,ğŸ‘”,0x1f454,12,0.520012314,2,3,7,NECKTIE,Miscellaneous Symbols and Pictographs,0.333
559,ğŸ”±,0x1f531,12,0.790792217,3,5,4,TRIDENT EMBLEM,Miscellaneous Symbols and Pictographs,0.067
560,ğŸ†“,0x1f193,12,0.551459397,0,9,3,SQUARED FREE,Enclosed Alphanumeric Supplement,0.2
561,ğŸ‹,0x1f40b,12,0.865813424,2,5,5,WHALE,Miscellaneous Symbols and Pictographs,0.2
562,â–½,0x25bd,12,0.843553507,1,4,7,WHITE DOWN-POINTING TRIANGLE,Geometric Shapes,0.4
563,â–‚,0x2582,12,0.578512397,0,12,0,LOWER ONE QUARTER BLOCK,Block Elements,0.0
564,ğŸ›,0x1f41b,12,0.672751951,2,4,6,BUG,Miscellaneous Symbols and Pictographs,0.267
565,ğŸ‘•,0x1f455,12,0.795097842,1,4,7,T-SHIRT,Miscellaneous Symbols and Pictographs,0.4
566,ğŸš‹,0x1f68b,12,0.317741493,0,11,1,TRAM CAR,Transport and Map Symbols,0.067
567,ğŸ’³,0x1f4b3,12,0.83392297,1,4,7,CREDIT CARD,Miscellaneous Symbols and Pictographs,0.4
568,ğŸŒ†,0x1f306,12,0.7647972040000001,2,6,4,CITYSCAPE AT DUSK,Miscellaneous Symbols and Pictographs,0.133
569,ğŸ§,0x1f3e7,12,0.888240175,0,0,12,AUTOMATED TELLER MACHINE,Miscellaneous Symbols and Pictographs,0.8
570,ğŸ’¡,0x1f4a1,12,0.5976194539999999,0,3,9,ELECTRIC LIGHT BULB,Miscellaneous Symbols and Pictographs,0.6
571,ğŸ”¹,0x1f539,12,0.17019992899999997,2,6,4,SMALL BLUE DIAMOND,Miscellaneous Symbols and Pictographs,0.133
572,â¬…,0x2b05,12,0.662574787,0,5,7,LEFTWARDS BLACK ARROW,Miscellaneous Symbols and Arrows,0.467
573,ğŸ ,0x1f360,12,0.938678015,5,2,5,ROASTED SWEET POTATO,Miscellaneous Symbols and Pictographs,0.0
574,ğŸ«,0x1f42b,12,0.770082215,0,7,5,BACTRIAN CAMEL,Miscellaneous Symbols and Pictographs,0.333
575,ğŸª,0x1f3ea,12,0.374437236,2,7,3,CONVENIENCE STORE,Miscellaneous Symbols and Pictographs,0.067
576,Û©,0x6e9,12,0.464312944,0,12,0,ARABIC PLACE OF SAJDAH,Arabic,0.0
577,ğŸ‡±,0x1f1f1,12,0.71333692,0,6,6,REGIONAL INDICATOR SYMBOL LETTER L,Enclosed Alphanumeric Supplement,0.4
578,ğŸ“¹,0x1f4f9,11,0.718346535,1,3,7,VIDEO CAMERA,Miscellaneous Symbols and Pictographs,0.429
579,ğŸ‘,0x1f45e,11,0.779457078,1,3,7,MANS SHOE,Miscellaneous Symbols and Pictographs,0.429
580,ğŸš‘,0x1f691,11,0.7580877509999999,3,4,4,AMBULANCE,Transport and Map Symbols,0.071
581,ğŸ†˜,0x1f198,11,0.775131806,4,2,5,SQUARED SOS,Enclosed Alphanumeric Supplement,0.071
582,ğŸ‘š,0x1f45a,11,0.8100437859999999,0,3,8,WOMANS CLOTHES,Miscellaneous Symbols and Pictographs,0.571
583,ğŸš,0x1f68d,11,0.659558885,4,2,5,ONCOMING BUS,Transport and Map Symbols,0.071
584,â–¡,0x25a1,11,0.673637431,7,0,4,WHITE SQUARE,Geometric Shapes,-0.214
585,ğŸ‚,0x1f402,11,0.7743881840000001,1,7,3,OX,Miscellaneous Symbols and Pictographs,0.143
586,ğŸš£,0x1f6a3,11,0.712555862,0,3,8,ROWBOAT,Transport and Map Symbols,0.571
587,âœ³,0x2733,11,0.37234627,0,11,0,EIGHT SPOKED ASTERISK,Dingbats,0.0
588,ğŸ‰,0x1f3c9,11,0.837042609,0,4,7,RUGBY FOOTBALL,Miscellaneous Symbols and Pictographs,0.5
589,ğŸ—»,0x1f5fb,11,0.7234559009999999,0,3,8,MOUNT FUJI,Miscellaneous Symbols and Pictographs,0.571
590,ğŸ€,0x1f400,11,0.701470653,1,7,3,RAT,Miscellaneous Symbols and Pictographs,0.143
591,â•¦,0x2566,11,0.22026307,0,6,5,BOX DRAWINGS DOUBLE DOWN AND HORIZONTAL,Box Drawing,0.357
592,â›º,0x26fa,10,0.905848988,1,2,7,TENT,Miscellaneous Symbols,0.462
593,ğŸ•,0x1f415,10,0.879333592,1,5,4,DOG,Miscellaneous Symbols and Pictographs,0.231
594,ğŸ‚,0x1f3c2,10,0.777003138,1,3,6,SNOWBOARDER,Miscellaneous Symbols and Pictographs,0.385
595,ğŸ‘¡,0x1f461,10,0.63543995,1,3,6,WOMANS SANDAL,Miscellaneous Symbols and Pictographs,0.385
596,ğŸ“»,0x1f4fb,10,0.7262003659999999,1,4,5,RADIO,Miscellaneous Symbols and Pictographs,0.308
597,âœ’,0x2712,10,0.543607437,1,5,4,BLACK NIB,Dingbats,0.231
598,ğŸŒ°,0x1f330,10,0.786442145,0,3,7,CHESTNUT,Miscellaneous Symbols and Pictographs,0.538
599,ğŸ¢,0x1f3e2,10,0.542295544,0,8,2,OFFICE BUILDING,Miscellaneous Symbols and Pictographs,0.154
600,ğŸ’,0x1f392,10,0.6140063720000001,1,2,7,SCHOOL SATCHEL,Miscellaneous Symbols and Pictographs,0.462
601,âŒ’,0x2312,10,0.623939324,0,3,7,ARC,Miscellaneous Technical,0.538
602,ğŸ«,0x1f3eb,10,0.6442095170000001,6,1,3,SCHOOL,Miscellaneous Symbols and Pictographs,-0.231
603,ğŸ“´,0x1f4f4,10,0.981898981,1,0,9,MOBILE PHONE OFF,Miscellaneous Symbols and Pictographs,0.615
604,ğŸš¢,0x1f6a2,10,0.8179141129999999,3,1,6,SHIP,Transport and Map Symbols,0.231
605,ğŸšš,0x1f69a,10,0.479308081,2,7,1,DELIVERY TRUCK,Transport and Map Symbols,-0.077
606,ğŸ‰,0x1f409,10,0.628494919,0,8,2,DRAGON,Miscellaneous Symbols and Pictographs,0.154
607,â’,0x2752,10,0.587413086,0,7,3,UPPER RIGHT SHADOWED WHITE SQUARE,Dingbats,0.231
608,ğŸŠ,0x1f40a,10,0.84550756,2,5,3,CROCODILE,Miscellaneous Symbols and Pictographs,0.077
609,ğŸ””,0x1f514,10,0.713041475,0,0,10,BELL,Miscellaneous Symbols and Pictographs,0.769
610,â—¢,0x25e2,10,0.571991872,0,2,8,BLACK LOWER RIGHT TRIANGLE,Geometric Shapes,0.615
611,ğŸ¥,0x1f3e5,9,0.648092966,1,4,4,HOSPITAL,Miscellaneous Symbols and Pictographs,0.25
612,â”,0x2754,9,0.787466861,3,3,3,WHITE QUESTION MARK ORNAMENT,Dingbats,0.0
613,ğŸš–,0x1f696,9,0.800144753,3,4,2,ONCOMING TAXI,Transport and Map Symbols,-0.083
614,ğŸƒ,0x1f0cf,9,0.685606875,3,2,4,PLAYING CARD BLACK JOKER,Playing Cards,0.083
615,â–¼,0x25bc,9,0.656774297,2,4,3,BLACK DOWN-POINTING TRIANGLE,Geometric Shapes,0.083
616,â–Œ,0x258c,9,0.42071161799999995,4,4,1,LEFT HALF BLOCK,Block Elements,-0.25
617,â˜›,0x261b,9,0.553782742,0,5,4,BLACK RIGHT POINTING INDEX,Miscellaneous Symbols,0.333
618,âœ©,0x2729,9,0.265667997,0,9,0,STRESS OUTLINED WHITE STAR,Dingbats,0.0
619,ğŸ’’,0x1f492,9,0.79417208,0,3,6,WEDDING,Miscellaneous Symbols and Pictographs,0.5
620,ğŸš¤,0x1f6a4,9,0.503972435,0,5,4,SPEEDBOAT,Transport and Map Symbols,0.333
621,ğŸ,0x1f410,9,0.720583133,0,4,5,GOAT,Miscellaneous Symbols and Pictographs,0.417
622,â– ,0x25a0,9,0.79044432,5,2,2,BLACK SQUARE,Geometric Shapes,-0.25
623,ğŸ”š,0x1f51a,9,0.8686451959999999,1,3,5,END WITH LEFTWARDS ARROW ABOVE,Miscellaneous Symbols and Pictographs,0.333
624,ğŸ»,0x1f3bb,9,0.720880053,0,5,4,VIOLIN,Miscellaneous Symbols and Pictographs,0.333
625,ğŸ”·,0x1f537,9,0.36784511799999997,0,7,2,LARGE BLUE DIAMOND,Miscellaneous Symbols and Pictographs,0.167
626,ğŸš¦,0x1f6a6,9,0.454265022,2,4,3,VERTICAL TRAFFIC LIGHT,Transport and Map Symbols,0.083
627,ğŸ”“,0x1f513,9,0.802890324,3,2,4,OPEN LOCK,Miscellaneous Symbols and Pictographs,0.083
628,ğŸ½,0x1f3bd,9,0.9037677129999999,0,4,5,RUNNING SHIRT WITH SASH,Miscellaneous Symbols and Pictographs,0.417
629,ğŸ“…,0x1f4c5,9,0.597376373,2,3,4,CALENDAR,Miscellaneous Symbols and Pictographs,0.167
630,ğŸº,0x1f3ba,9,0.6461803939999999,1,0,8,TRUMPET,Miscellaneous Symbols and Pictographs,0.583
631,âœ¯,0x272f,9,0.32090504,0,9,0,PINWHEEL STAR,Dingbats,0.0
632,ğŸˆ,0x1f348,9,0.5209814070000001,6,1,2,MELON,Miscellaneous Symbols and Pictographs,-0.333
633,âœ‰,0x2709,9,0.44131007,1,4,4,ENVELOPE,Dingbats,0.25
634,â•£,0x2563,9,0.641758242,0,9,0,BOX DRAWINGS DOUBLE VERTICAL AND LEFT,Box Drawing,0.0
635,â—¤,0x25e4,9,0.669223855,0,0,9,BLACK UPPER LEFT TRIANGLE,Geometric Shapes,0.75
636,â—‹,0x25cb,8,0.625334477,0,3,5,WHITE CIRCLE,Geometric Shapes,0.455
637,ğŸ¼,0x1f37c,8,0.889794471,1,1,6,BABY BOTTLE,Miscellaneous Symbols and Pictographs,0.455
638,ğŸ“€,0x1f4c0,8,0.842924661,1,5,2,DVD,Miscellaneous Symbols and Pictographs,0.091
639,ğŸš›,0x1f69b,8,0.5521762379999999,2,6,0,ARTICULATED LORRY,Transport and Map Symbols,-0.182
640,ğŸ““,0x1f4d3,8,0.835156432,1,4,3,NOTEBOOK,Miscellaneous Symbols and Pictographs,0.182
641,â˜‰,0x2609,8,0.985925307,0,6,2,SUN,Miscellaneous Symbols,0.182
642,ğŸ’´,0x1f4b4,8,0.837157842,3,4,1,BANKNOTE WITH YEN SIGN,Miscellaneous Symbols and Pictographs,-0.182
643,â”¼,0x253c,8,0.5946392979999999,2,4,2,BOX DRAWINGS LIGHT VERTICAL AND HORIZONTAL,Box Drawing,0.0
644,ğŸƒ,0x1f403,8,0.82964401,0,8,0,WATER BUFFALO,Miscellaneous Symbols and Pictographs,0.0
645,â°,0x27b0,8,0.255281448,4,1,3,CURLY LOOP,Dingbats,-0.091
646,ğŸ”Œ,0x1f50c,8,0.84383834,3,3,2,ELECTRIC PLUG,Miscellaneous Symbols and Pictographs,-0.091
647,ğŸ„,0x1f344,8,0.48195571600000003,2,4,2,MUSHROOM,Miscellaneous Symbols and Pictographs,0.0
648,ğŸ“•,0x1f4d5,8,0.6878156190000001,1,4,3,CLOSED BOOK,Miscellaneous Symbols and Pictographs,0.182
649,ğŸ“£,0x1f4e3,8,0.665290609,1,2,5,CHEERING MEGAPHONE,Miscellaneous Symbols and Pictographs,0.364
650,ğŸš“,0x1f693,8,0.654503222,0,5,3,POLICE CAR,Transport and Map Symbols,0.273
651,ğŸ—,0x1f417,8,0.756674318,0,3,5,BOAR,Miscellaneous Symbols and Pictographs,0.455
652,â†ª,0x21aa,8,0.7266712820000001,0,7,1,RIGHTWARDS ARROW WITH HOOK,Arrows,0.091
653,â›³,0x26f3,8,0.659686501,0,1,7,FLAG IN HOLE,Miscellaneous Symbols,0.636
654,â”»,0x253b,8,0.43607074100000004,6,0,2,BOX DRAWINGS HEAVY UP AND HORIZONTAL,Box Drawing,-0.364
655,â”›,0x251b,8,0.711630126,0,2,6,BOX DRAWINGS HEAVY UP AND LEFT,Box Drawing,0.545
656,â”ƒ,0x2503,8,0.49588870399999996,0,4,4,BOX DRAWINGS HEAVY VERTICAL,Box Drawing,0.364
657,ğŸ‘±,0x1f471,7,0.584040891,1,4,2,PERSON WITH BLOND HAIR,Miscellaneous Symbols and Pictographs,0.1
658,â³,0x23f3,7,0.829006815,3,1,3,HOURGLASS WITH FLOWING SAND,Miscellaneous Technical,0.0
659,ğŸ’º,0x1f4ba,7,0.49952273799999997,1,3,3,SEAT,Miscellaneous Symbols and Pictographs,0.2
660,ğŸ‡,0x1f3c7,7,0.829351657,3,2,2,HORSE RACING,Miscellaneous Symbols and Pictographs,-0.1
661,â˜»,0x263b,7,0.808078576,1,3,3,BLACK SMILING FACE,Miscellaneous Symbols,0.2
662,ğŸ“,0x1f4de,7,0.6396636410000001,0,3,4,TELEPHONE RECEIVER,Miscellaneous Symbols and Pictographs,0.4
663,â’¶,0x24b6,7,0.467453036,2,4,1,CIRCLED LATIN CAPITAL LETTER A,Enclosed Alphanumerics,-0.1
664,ğŸŒ‰,0x1f309,7,0.848338345,0,2,5,BRIDGE AT NIGHT,Miscellaneous Symbols and Pictographs,0.5
665,ğŸš©,0x1f6a9,7,0.14668319,3,3,1,TRIANGULAR FLAG ON POST,Transport and Map Symbols,-0.2
666,âœ,0x270e,7,0.547314568,0,2,5,LOWER RIGHT PENCIL,Dingbats,0.5
667,ğŸ“ƒ,0x1f4c3,7,0.75418917,0,3,4,PAGE WITH CURL,Miscellaneous Symbols and Pictographs,0.4
668,ğŸ¨,0x1f3e8,7,0.8033631240000001,0,5,2,HOTEL,Miscellaneous Symbols and Pictographs,0.2
669,ğŸ“Œ,0x1f4cc,7,0.7990545179999999,5,1,1,PUSHPIN,Miscellaneous Symbols and Pictographs,-0.4
670,â™,0x264e,7,0.85514993,2,4,1,LIBRA,Miscellaneous Symbols,-0.1
671,ğŸ’·,0x1f4b7,7,0.573124902,0,3,4,BANKNOTE WITH POUND SIGN,Miscellaneous Symbols and Pictographs,0.4
672,ğŸš„,0x1f684,7,0.699813945,0,2,5,HIGH-SPEED TRAIN,Transport and Map Symbols,0.5
673,â–²,0x25b2,7,0.33783723,0,2,5,BLACK UP-POINTING TRIANGLE,Geometric Shapes,0.5
674,â›µ,0x26f5,7,0.323527212,0,2,5,SAILBOAT,Miscellaneous Symbols,0.5
675,ğŸ”¸,0x1f538,7,0.17210479,0,5,2,SMALL ORANGE DIAMOND,Miscellaneous Symbols and Pictographs,0.2
676,âŒ›,0x231b,7,0.796787872,2,2,3,HOURGLASS,Miscellaneous Technical,0.1
677,ğŸšœ,0x1f69c,7,0.76727505,0,0,7,TRACTOR,Transport and Map Symbols,0.7
678,ğŸ†,0x1f406,7,0.550090954,0,4,3,LEOPARD,Miscellaneous Symbols and Pictographs,0.3
679,ğŸ‘’,0x1f452,7,0.8436487429999999,1,3,3,WOMANS HAT,Miscellaneous Symbols and Pictographs,0.2
680,â•,0x2755,7,0.86202303,1,3,3,WHITE EXCLAMATION MARK ORNAMENT,Dingbats,0.2
681,ğŸ”›,0x1f51b,7,0.47400633600000003,1,1,5,ON WITH EXCLAMATION MARK WITH LEFT RIGHT ARROW ABOVE,Miscellaneous Symbols and Pictographs,0.4
682,â™¢,0x2662,7,0.868165215,0,4,3,WHITE DIAMOND SUIT,Miscellaneous Symbols,0.3
683,ğŸ‡²,0x1f1f2,7,0.786773623,0,3,4,REGIONAL INDICATOR SYMBOL LETTER M,Enclosed Alphanumeric Supplement,0.4
684,â…,0x2745,7,0.247154472,0,1,6,TIGHT TRIFOLIATE SNOWFLAKE,Dingbats,0.6
685,ğŸ‘,0x1f45d,6,0.6112280179999999,1,1,4,POUCH,Miscellaneous Symbols and Pictographs,0.333
686,âœ,0x271e,6,0.509389671,0,3,3,SHADOWED WHITE LATIN CROSS,Dingbats,0.333
687,â—¡,0x25e1,6,0.9467566759999999,0,4,2,LOWER HALF CIRCLE,Geometric Shapes,0.222
688,ğŸ‹,0x1f38b,6,0.785515587,1,0,5,TANABATA TREE,Miscellaneous Symbols and Pictographs,0.444
689,ğŸ‘¥,0x1f465,6,0.83792517,1,2,3,BUSTS IN SILHOUETTE,Miscellaneous Symbols and Pictographs,0.222
690,ğŸ“µ,0x1f4f5,6,0.794071373,1,3,2,NO MOBILE PHONES,Miscellaneous Symbols and Pictographs,0.111
691,ğŸ¡,0x1f421,6,0.8672885570000001,0,4,2,BLOWFISH,Miscellaneous Symbols and Pictographs,0.222
692,â—†,0x25c6,6,0.602165081,0,1,5,BLACK DIAMOND,Geometric Shapes,0.556
693,ğŸ¯,0x1f3ef,6,0.529919889,0,5,1,JAPANESE CASTLE,Miscellaneous Symbols and Pictographs,0.111
694,â˜‚,0x2602,6,0.453390203,1,4,1,UMBRELLA,Miscellaneous Symbols,0.0
695,ğŸ”­,0x1f52d,6,0.715984026,0,3,3,TELESCOPE,Miscellaneous Symbols and Pictographs,0.333
696,ğŸª,0x1f3aa,6,0.6078812889999999,0,4,2,CIRCUS TENT,Miscellaneous Symbols and Pictographs,0.222
697,ğŸœ,0x1f41c,6,0.879901961,0,2,4,ANT,Miscellaneous Symbols and Pictographs,0.444
698,â™Œ,0x264c,6,0.790409536,0,1,5,LEO,Miscellaneous Symbols,0.556
699,â˜,0x2610,6,0.5380952379999999,6,0,0,BALLOT BOX,Miscellaneous Symbols,-0.667
700,ğŸ‘·,0x1f477,6,0.7391994479999999,1,2,3,CONSTRUCTION WORKER,Miscellaneous Symbols and Pictographs,0.222
701,â†³,0x21b3,6,0.346428571,0,6,0,DOWNWARDS ARROW WITH TIP RIGHTWARDS,Arrows,0.0
702,ğŸ”ˆ,0x1f508,6,0.635444115,0,4,2,SPEAKER,Miscellaneous Symbols and Pictographs,0.222
703,ğŸ“„,0x1f4c4,6,0.624139531,0,0,6,PAGE FACING UP,Miscellaneous Symbols and Pictographs,0.667
704,ğŸ“,0x1f4cd,6,0.48869302,1,3,2,ROUND PUSHPIN,Miscellaneous Symbols and Pictographs,0.111
705,ğŸš,0x1f690,6,0.77642636,0,1,5,MINIBUS,Transport and Map Symbols,0.556
706,ğŸš”,0x1f694,6,0.521943521,1,4,1,ONCOMING POLICE CAR,Transport and Map Symbols,0.0
707,ğŸŒ‹,0x1f30b,6,0.379680055,0,2,4,VOLCANO,Miscellaneous Symbols and Pictographs,0.444
708,ğŸ“¡,0x1f4e1,6,0.553891601,1,2,3,SATELLITE ANTENNA,Miscellaneous Symbols and Pictographs,0.222
709,â©,0x23e9,6,0.7317139,0,5,1,BLACK RIGHT-POINTING DOUBLE TRIANGLE,Miscellaneous Technical,0.111
710,ğŸš³,0x1f6b3,6,0.102993951,0,0,6,NO BICYCLES,Transport and Map Symbols,0.667
711,âœ˜,0x2718,6,0.538602654,0,1,5,HEAVY BALLOT X,Dingbats,0.556
712,Û,0x6de,6,0.471786165,0,6,0,ARABIC START OF RUB EL HIZB,Arabic,0.0
713,â˜¾,0x263e,6,0.452907711,0,6,0,LAST QUARTER MOON,Miscellaneous Symbols,0.0
714,ğŸ…°,0x1f170,6,0.311138998,1,2,3,NEGATIVE SQUARED LATIN CAPITAL LETTER A,Enclosed Alphanumeric Supplement,0.222
715,ğŸ“¥,0x1f4e5,6,0.981884058,0,6,0,INBOX TRAY,Miscellaneous Symbols and Pictographs,0.0
716,ğŸ‡¼,0x1f1fc,6,0.734391905,0,3,3,REGIONAL INDICATOR SYMBOL LETTER W,Enclosed Alphanumeric Supplement,0.333
717,â”“,0x2513,6,0.51522533,0,2,4,BOX DRAWINGS HEAVY DOWN AND LEFT,Box Drawing,0.444
718,â”£,0x2523,6,0.48748615700000003,0,2,4,BOX DRAWINGS HEAVY VERTICAL AND RIGHT,Box Drawing,0.444
719,â“,0x24c1,6,0.726851852,0,3,3,CIRCLED LATIN CAPITAL LETTER L,Enclosed Alphanumerics,0.333
720,â’º,0x24ba,6,0.814814815,0,3,3,CIRCLED LATIN CAPITAL LETTER E,Enclosed Alphanumerics,0.333
721,ğŸ”¦,0x1f526,5,0.852648347,0,5,0,ELECTRIC TORCH,Miscellaneous Symbols and Pictographs,0.0
722,ğŸ‘¤,0x1f464,5,0.785820605,0,1,4,BUST IN SILHOUETTE,Miscellaneous Symbols and Pictographs,0.5
723,ğŸš,0x1f681,5,0.509988852,0,4,1,HELICOPTER,Transport and Map Symbols,0.125
724,ğŸ ,0x1f3a0,5,0.57433687,0,2,3,CAROUSEL HORSE,Miscellaneous Symbols and Pictographs,0.375
725,ğŸ,0x1f401,5,0.41855598200000005,2,3,0,MOUSE,Miscellaneous Symbols and Pictographs,-0.25
726,ğŸ“—,0x1f4d7,5,0.78915959,1,2,2,GREEN BOOK,Miscellaneous Symbols and Pictographs,0.125
727,â”,0x2510,5,0.7708663809999999,2,2,1,BOX DRAWINGS LIGHT DOWN AND LEFT,Box Drawing,-0.125
728,â˜®,0x262e,5,0.75037594,2,1,2,PEACE SYMBOL,Miscellaneous Symbols,0.0
729,â™‚,0x2642,5,0.580233775,0,4,1,MALE SIGN,Miscellaneous Symbols,0.125
730,â—,0x25de,5,0.722789157,1,3,1,LOWER RIGHT QUADRANT CIRCULAR ARC,Geometric Shapes,0.0
731,ğŸ“¯,0x1f4ef,5,0.974048452,1,4,0,POSTAL HORN,Miscellaneous Symbols and Pictographs,-0.125
732,ğŸ”©,0x1f529,5,0.6727223859999999,1,2,2,NUT AND BOLT,Miscellaneous Symbols and Pictographs,0.125
733,ğŸ‘¢,0x1f462,5,0.994117647,0,1,4,WOMANS BOOTS,Miscellaneous Symbols and Pictographs,0.5
734,â—‚,0x25c2,5,0.19850058899999998,0,3,2,BLACK LEFT-POINTING SMALL TRIANGLE,Geometric Shapes,0.25
735,ğŸ“°,0x1f4f0,5,0.8601495690000001,1,1,3,NEWSPAPER,Miscellaneous Symbols and Pictographs,0.25
736,ğŸ“¶,0x1f4f6,5,0.9304928990000001,0,3,2,ANTENNA WITH BARS,Miscellaneous Symbols and Pictographs,0.25
737,ğŸš¥,0x1f6a5,5,0.723893805,1,3,1,HORIZONTAL TRAFFIC LIGHT,Transport and Map Symbols,0.0
738,ğŸŒ„,0x1f304,5,0.28558365399999996,0,4,1,SUNRISE OVER MOUNTAINS,Miscellaneous Symbols and Pictographs,0.125
739,ğŸ—¾,0x1f5fe,5,0.738585725,0,3,2,SILHOUETTE OF JAPAN,Miscellaneous Symbols and Pictographs,0.25
740,ğŸ”¶,0x1f536,5,0.786004057,0,3,2,LARGE ORANGE DIAMOND,Miscellaneous Symbols and Pictographs,0.25
741,ğŸ¤,0x1f3e4,5,0.272575758,0,3,2,EUROPEAN POST OFFICE,Miscellaneous Symbols and Pictographs,0.25
742,ğŸ©,0x1f3a9,5,0.58647571,0,3,2,TOP HAT,Miscellaneous Symbols and Pictographs,0.25
743,â“‚,0x24c2,5,0.765244502,1,1,3,CIRCLED LATIN CAPITAL LETTER M,Enclosed Alphanumerics,0.25
744,ğŸ”§,0x1f527,5,0.677226399,4,0,1,WRENCH,Miscellaneous Symbols and Pictographs,-0.375
745,ğŸ…,0x1f405,5,0.8185501070000001,0,4,1,TIGER,Miscellaneous Symbols and Pictographs,0.125
746,â™®,0x266e,5,0.936640494,0,4,1,MUSIC NATURAL SIGN,Miscellaneous Symbols,0.125
747,ğŸ…¾,0x1f17e,5,0.977468672,2,2,1,NEGATIVE SQUARED LATIN CAPITAL LETTER O,Enclosed Alphanumeric Supplement,-0.125
748,ğŸ”„,0x1f504,5,0.971014493,0,5,0,ANTICLOCKWISE DOWNWARDS AND UPWARDS OPEN CIRCLE ARROWS,Miscellaneous Symbols and Pictographs,0.0
749,â˜„,0x2604,5,0.435373547,0,5,0,COMET,Miscellaneous Symbols,0.0
750,â˜¨,0x2628,5,0.457692308,0,5,0,CROSS OF LORRAINE,Miscellaneous Symbols,0.0
